SET FOREIGN_KEY_CHECKS = 0;

truncate table competition_themes;
truncate table theme_applications;
truncate table user_theme_role;
truncate table user_community_role;
truncate table competitions;
truncate table competitors;
truncate table competition_competitors;
truncate table users;
truncate table votes;
truncate table ban_appeals;
truncate table banned_voters;
truncate table conversation_messages;
truncate table conversations;
truncate table donation_applications;
truncate table donation_record;
truncate table messages;
truncate table replies;
truncate table user_privacy_settings;


INSERT INTO `competition_themes` (id, name, description, application_id, donation_status,donation_app_id) VALUES
(1, 'Surfing Spot', 'Recognize the best and most popular surfing locations of the year.', 1, 'enabled',1),
(2, 'Bird', 'Highlight and celebrate the most remarkable bird species of the year.', 2, 'disabled',NULL),
(3, 'Beach', 'Honor the most beautiful and well-preserved beaches of the year.', 3, 'disabled', NULL),
(4, 'Forest', 'Celebrate the most stunning and ecologically significant forests of the year.', 4, 'disabled', NULL);

INSERT INTO `theme_applications` (id, theme_name, theme_description, applicant_id, applicant, applying_time, status, rejection_reason, operator_id, operator, operation_time) VALUES
(1, 'Surfing Spot', 'Recognize the best and most popular surfing locations of the year.', 1, 'voter2', '2023-09-01 11:00:00', 'approved', '', 31, 'siteadmin1', '2023-09-02 15:00:00'),
(2, 'Bird', 'Highlight and celebrate the most remarkable bird species of the year.', 2, 'voter1', '2023-09-01 10:00:00', 'approved', '', 31, 'siteadmin1', '2023-09-02 14:00:00'),
(3, 'Beach', 'Honor the most beautiful and well-preserved beaches of the year.', 3, 'voter3', '2023-09-01 12:00:00', 'approved', '', 31, 'siteadmin1', '2023-09-02 16:00:00'),
(4, 'Forest', 'Celebrate the most stunning and ecologically significant forests of the year.', 4, 'voter4', '2023-09-01 13:00:00', 'approved', '', 31, 'siteadmin1', '2023-09-02 17:00:00'),
(5, 'Insects', 'Promote and appreciate the diversity of insect species in our region.', 5, 'voter5', '2023-09-01 14:00:00', 'pending', NULL, NULL, NULL, NULL),
(6, 'Marine Life', 'Highlight the importance of preserving marine ecosystems and species.', 6, 'voter6', '2023-09-01 15:00:00', 'rejected', 'Not relevant to this year’s themes.', 31, 'siteadmin1', '2023-09-02 18:00:00');

INSERT INTO `user_theme_role` (id, theme_id, user_id, role) VALUES
(1, 1, 1, 'admin'),
(2, 2, 2, 'admin'),
(3, 3, 3, 'admin'),
(4, 4, 4, 'admin'),
(5, 1, 31, 'scrutineer'),
(6, 1, 99, 'admin'),
(7, 2, 99, 'admin'),
(8, 3, 99, 'admin'),
(9, 4, 99, 'admin'),
(10, 4, 5, 'scrutineer');

INSERT INTO `user_community_role` (id, theme_id, user_id, role) VALUES
(1, 1, 1, 'moderator'),
(2, 2, 2, 'moderator'),
(3, 4, 4, 'moderator'),
(4, 4, 5, 'moderator');

INSERT INTO users (id, username, password_hash, email, first_name, last_name, location, description, avatar, role, status, voting_permission) VALUES
(1, 'voter1', 'ed75aa81d4621cf7f1f9b29ba33648a9c7d914a5963f2802d397f74f8580bc64', 'voter1@example.com', 'John', 'Doe', '{"lat": -45.8, "lon": 170.4}', 'Enthusiastic about community service.', 'img1.jpg', 'voter', 'active', 'allowed'),
(2, 'voter2', '02ccbd5e91ada4e380c21b413cd9780f3056b9594c9f1dbdd46511c1a190a5a6', 'voter2@example.com', 'Jane', 'Smith', '{"lat": -41.2, "lon": 174.8}', 'Passionate about education.', 'img2.jpg', 'voter', 'active', 'allowed'),
(3, 'voter3', '696e3b3da705c61059620e7d4f27ca14e3aec2b709955875296f6ba66db6dc76', 'voter3@example.com', 'Michael', 'Johnson', '{"lat": -36.8, "lon": 174.7}', 'Advocate for environmental conservation.', 'img3.jpg', 'voter', 'active', 'allowed'),
(4, 'voter4', '2eceed1f82b3738ae3d1a93face945fe741b5630c387dc3da158ca5eb6652807', 'voter4@example.com', 'Emily', 'Williams', '{"lat": -45.1, "lon": 168.6}', 'Loves working with animals.', 'img4.jpg', 'voter', 'active', 'allowed'),
(5, 'voter5', 'fd869ecbe58c322c1ff7d4edb93242c3362db568fcb8679ea38551fc48678fab', 'voter5@example.com', 'David', 'Brown', '{"lat": -36.8, "lon": 174.7}', 'Avid reader and writer.', 'img5.jpg', 'voter', 'active', 'allowed'),
(6, 'voter6', '0befa4d095412d5ff6d239a0c431781e1d97ae168c3d24b455056c85886bfe4f', 'voter6@example.com', 'Sophia', 'Jones', '{"lat": -37.7, "lon": 175.3}', 'Tech enthusiast and coder.', 'img6.jpg', 'voter', 'active', 'allowed'),
(7, 'voter7', 'ecf0a31f0f4ba6f52cc704f831a1e6016be3920293368660015d6f1dbb0f9e50', 'voter7@example.com', 'William', 'Garcia', '{"lat": -45.9, "lon": 170.4}', 'Music lover and performer.', 'img7.jpg', 'voter', 'active', 'allowed'),
(8, 'voter8', 'e518b56adfe3ea34554590866c3feed7c6e7b6d8dcb2f4045050327b4910ff7a', 'voter8@example.com', 'Olivia', 'Martinez', '{"lat": -45.1, "lon": 168.7}', 'Passionate about art and design.', 'img8.jpg', 'voter', 'active', 'allowed'),
(9, 'voter9', '1fe9614ce9743ede42a6491f6fe5b3e4d717c3b8e836d9457814b7bb39f8eb93', 'voter9@example.com', 'James', 'Hernandez', '{"lat": -41.3, "lon": 174.8}', 'Enjoys outdoor activities and sports.', 'img9.jpg', 'voter', 'active', 'allowed'),
(10, 'voter10', '9877e3b0172cda21e7244eb80e3cc760fdc37904776ea6de68e7c68019dd9136', 'voter10@example.com', 'Ava', 'Lopez', '{"lat": -45.9, "lon": 170.4}', 'Community volunteer and activist.', 'img10.jpg', 'voter', 'active', 'allowed'),
(11, 'voter11', '13a505351552fe89ebe10b7a58706de4cbd218fca885e47859fb7c89f2416de2', 'voter11@example.com', 'Isabella', 'Wilson', '{"lat": -41.2, "lon": 174.7}', 'Lover of history and culture.', 'img11.jpg', 'voter', 'active', 'allowed'),
(12, 'voter12', '9f923382d301c57bbf44edff90e99afe4df0c0b7263117f4d174476e6ef61f39', 'voter12@example.com', 'Liam', 'Anderson', '{"lat": -36.9, "lon": 174.9}', 'Enjoys hiking and photography.', 'img12.jpg', 'voter', 'active', 'allowed'),
(13, 'voter13', '91bc0d6ac8be23df2ac15593534218821213393546185222219b790c2d0c38c4', 'voter13@example.com', 'Mia', 'Thomas', '{"lat": -37.7, "lon": 175.3}', 'Advocate for mental health awareness.', 'img13.jpg', 'voter', 'active', 'allowed'),
(14, 'voter14', 'fdc5d0f80f614686c2bcefecaff57bdbfb5d6fcd85aecc6fd9b68ae4d1cc9fe5', 'voter14@example.com', 'Noah', 'Taylor', '{"lat": -41.2, "lon": 174.7}', 'Enjoys technology and innovation.', 'img14.jpg', 'voter', 'active', 'allowed'),
(15, 'voter15', '688f25b24d0a9753888cb0e8bcd4183a9076472192ea7bd90bbfb650d3fea82a', 'voter15@example.com', 'Emma', 'Moore', '{"lat": -43.5, "lon": 172.7}', 'Passionate about cooking and baking.', 'img15.jpg', 'voter', 'active', 'allowed'),
(16, 'voter16', '29fa5a1fdba15fdb975bb1fda6e3af009f23ac7799fe5459d4f031376e13b222', 'voter16@example.com', 'Olivia', 'Jackson', '{"lat": -43.6, "lon": 172.6}', 'Loves reading and writing fiction.', 'img16.jpg', 'voter', 'active', 'allowed'),
(17, 'voter17', '798ec9ad3260dc857101df8496b619d795899b4d2dda86cc8f68c6e1ce25d81e', 'voter17@example.com', 'Lucas', 'White', '{"lat": -43.6, "lon": 172.8}', 'Sports enthusiast and coach.', 'img17.jpg', 'voter', 'active', 'allowed'),
(18, 'voter18', 'abb39d56fad1a6e8c868a0340bc2dd4fff408b20c125c31d3b4f4c6ceb0bdce7', 'voter18@example.com', 'Charlotte', 'Harris', '{"lat": -45.0, "lon": 168.7}', 'Advocate for social justice.', 'default.png', 'voter', 'active', 'allowed'),
(19, 'voter19', '077832b118aa7a442ac586ec4bf4503deb4ca3511a9bbc6e5d5d3601ae304b8d', 'voter19@example.com', 'Elijah', 'Martin', '{"lat": -45.1, "lon": 168.7}', 'Lover of music and dance.', 'default.png', 'voter', 'active', 'allowed'),
(20, 'voter20', '888aaed6e9eddc765cbb13a7e04dcfd62c31e0026e492c385bc2f1c8076cb1bc', 'voter20@example.com', 'Amelia', 'Thompson', '{"lat": -45.8, "lon": 170.4}', 'Enjoys outdoor adventures.', 'default.png', 'voter', 'active', 'allowed'),
(21, 'voter21', 'd0df04e721eb8e3cf6fd5022e839f90977cf306d1c3a7ba7c6fd1f2e1d7e2a29', 'voter21@example.com', 'Henry', 'Garcia', '{"lat": -45.0, "lon": 168.7}', 'Passionate about fitness and health.', 'default.png', 'voter', 'active', 'allowed'),
(22, 'voter22', '2ebf0b62cca8a94b827cde0f9becde7ccdf5c8c50765cf3ce198472ee7dc1d1f', 'voter22@example.com', 'Grace', 'Wilson', '{"lat": -45.9, "lon": 170.4}', 'Loves gardening and nature.', 'default.png', 'voter', 'active', 'allowed'),
(23, 'voter23', '2578d87edde288b3a29974a6162cdcbeefda6d03e9c83bc2dbd7143b28ae03bc', 'voter23@example.com', 'Samuel', 'Clark', '{"lat": -37.6, "lon": 175.3}', 'Enjoys painting and sculpture.', 'default.png', 'voter', 'active', 'allowed'),
(24, 'voter24', 'fd17dbf597566dda56eda074651fc95c31a583be55fd1a0867c73097d86ec1c7', 'voter24@example.com', 'Avery', 'Lewis', '{"lat": -43.6, "lon": 172.8}', 'Community organizer and advocate.', 'default.png', 'voter', 'active', 'allowed'),
(25, 'voter25', '0559b24db72b254c36719b01ba2274e2d515a38c57ca12686b8b652432aea68b', 'voter25@example.com', 'Joseph', 'Lee', '{"lat": -41.3, "lon": 174.8}', 'Lover of nature and the environment.', 'default.png', 'voter', 'active', 'allowed'),
(26, 'voter26', 'ee4cf586fb516e32ba1fb87d2ac5d3f6c3e0d655eac514ca7712f4b1feee621a', 'voter26@example.com', 'Evelyn', 'Walker', '{"lat": -41.3, "lon": 174.7}', 'Advocate for literacy and education.', 'default.png', 'voter', 'active', 'allowed'),
(27, 'voter27', 'ffbbd9ed9685abf9f3cbb241d023b1048c07ac81f3a0b3cb9657f036e8d48c2d', 'voter27@example.com', 'Jack', 'Hall', '{"lat": -45.8, "lon": 170.5}', 'Enjoys technology and gadgets.', 'default.png', 'voter', 'active', 'allowed'),
(28, 'voter28', 'b590c1f2b4e25293f83fd5b703f627443ff2b5ee49d36bd792398274673cfaab', 'voter28@example.com', 'Mason', 'Young', '{"lat": -41.3, "lon": 174.8}', 'Music producer and DJ.', 'default.png', 'voter', 'active', 'allowed'),
(29, 'voter29', '9620b06749114ef8df91d7f9620aa7f2bf420250797299b27e12286d0457a024', 'voter29@example.com', 'Harper', 'Allen', '{"lat": -43.5, "lon": 172.6}', 'Passionate about sports and fitness.', 'default.png', 'voter', 'active', 'allowed'),
(30, 'voter30', 'ab7c45dd2039f629c6ce39f9567d7da9a88f077063ed8f9ce1fd17c7ea0d0218', 'voter30@example.com', 'Ella', 'King', '{"lat": -43.6, "lon": 172.6}', 'Lover of literature and poetry.', 'default.png', 'voter', 'active', 'allowed'),
(31, 'voter31', 'cd3953f9150a3d9933e968dacdfb7ce19442d97c47d77a43a67fdf6454b989b0', 'voter31@example.com', 'Lucas', 'Wright', '{"lat": -41.2, "lon": 174.7}', 'Raises awareness about climate change.', 'default.png', 'voter', 'active', 'allowed'),
(32, 'voter32', '4ddcb422a0f99a7c09c689a5ec4d9ed159558d154bcb7558ba3fbd3eed59e32c', 'voter32@example.com', 'William', 'Lee', '{"lat": -41.2, "lon": 174.7}', 'Fosters sustainable urban development.', 'default.png', 'voter', 'active', 'allowed'),
(33, 'voter33', '6133cd3029ebda5e87b1f37d7e30efe630352ea7c88cc3d8c05212a24ef2ba49', 'voter33@example.com', 'Elijah', 'Clark', '{"lat": -41.2, "lon": 174.7}', 'Dedicated to supporting local communities.', 'default.png', 'voter', 'active', 'allowed'),
(34, 'voter34', '3f28e379fe528f36df2e0c2e866f42192be513e3ec3a2a3f54a05d4d6b97b08e', 'voter34@example.com', 'Charlotte', 'Hill', '{"lat": -37.8, "lon": 175.2}', 'Promotes eco-friendly travel.', 'default.png', 'voter', 'active', 'allowed'),
(35, 'voter35', '6e183d1e1ca7e417e28d155ac3f8f7deffda9fab76fb23a6dcce7f0aaaf2ecdb', 'voter35@example.com', 'Isabella', 'Hill', '{"lat": -36.8, "lon": 174.8}', 'Involved in wetland restoration projects.', 'default.png', 'voter', 'active', 'allowed'),
(36, 'voter36', '2be778275f571bf037481f47ba15212aa9433b9fe9e86a8a1c4f539cbaab65b7', 'voter36@example.com', 'Charlotte', 'Taylor', '{"lat": -41.3, "lon": 174.7}', 'Loves engaging in wildlife protection projects.', 'default.png', 'voter', 'active', 'allowed'),
(37, 'voter37', '10c234f1951a73b25edd000e19e3adaf5b8e9f456c6523b203a93a1a01577c3e', 'voter37@example.com', 'Charlotte', 'Anderson', '{"lat": -45.9, "lon": 170.5}', 'Volunteers for habitat restoration efforts.', 'default.png', 'voter', 'active', 'allowed'),
(38, 'voter38', 'd12d72042751839039d0ec3e535668446195f17098fe3a957f4af56edeb184d7', 'voter38@example.com', 'Olivia', 'Young', '{"lat": -45.8, "lon": 170.4}', 'Promotes eco-friendly travel.', 'default.png', 'voter', 'active', 'allowed'),
(39, 'voter39', '64158077c9c1cc3f2108d5563182051b1c4c6cee92be375cfc5580eb0b13e49e', 'voter39@example.com', 'Isabella', 'Scott', '{"lat": -41.3, "lon": 174.8}', 'Loves engaging in wildlife protection projects.', 'default.png', 'voter', 'active', 'allowed'),
(40, 'voter40', 'b498a778aad5c3302752576e68321501838c6df9fc48921b3f243224fad3b219', 'voter40@example.com', 'Sophia', 'Clark', '{"lat": -45.1, "lon": 168.6}', 'Advocates for clean energy solutions.', 'default.png', 'voter', 'active', 'allowed'),
(41, 'voter41', '603452ee3a256a0a9a21c2a54ea6e07c227c68b417980d384fe80be8ef52771f', 'voter41@example.com', 'Henry', 'Baker', '{"lat": -37.7, "lon": 175.3}', 'Supports efforts to save endangered species.', 'default.png', 'voter', 'active', 'allowed'),
(42, 'voter42', 'b2b550004439da6c258610ecdd1a64f6197e08b5ce6241f5d1b9cd5ac7b532cc', 'voter42@example.com', 'Emily', 'Johnson', '{"lat": -41.3, "lon": 174.7}', 'Works towards forest preservation.', 'default.png', 'voter', 'active', 'allowed'),
(43, 'voter43', '61e8f9e50d10254348eaaa531245735d080384bd74c8f1e983e43dcb16e70a9b', 'voter43@example.com', 'Benjamin', 'Harris', '{"lat": -45.9, "lon": 170.4}', 'Volunteers for habitat restoration efforts.', 'default.png', 'voter', 'active', 'allowed'),
(44, 'voter44', '7d8a07cf132b646a87700944f5c80c81b9e6ee0827abc7408df19ed7860b043b', 'voter44@example.com', 'Amelia', 'Wright', '{"lat": -36.7, "lon": 175.0}', 'Involved in wetland restoration projects.', 'default.png', 'voter', 'active', 'allowed'),
(45, 'voter45', 'f7ebaca6f94bf189dacb790f1c7fa470f05ec8bd85099566e47f8f6aaf915817', 'voter45@example.com', 'Jack', 'Green', '{"lat": -45.8, "lon": 170.5}', 'Dedicated to reducing plastic waste.', 'default.png', 'voter', 'active', 'allowed'),
(46, 'voter46', 'd20fd5ec0ec511bef7e00ccb31f75a7f2fe2f5d4ea96f37423f89fcefc23fddc', 'voter46@example.com', 'Sophia', 'Walker', '{"lat": -45.9, "lon": 170.5}', 'Focuses on river conservation activities.', 'default.png', 'voter', 'active', 'allowed'),
(47, 'voter47', 'bb0b69ea3670e12813320769812055d2da4dd305f946825bdfa07e1a275ea2fa', 'voter47@example.com', 'Emily', 'Hill', '{"lat": -37.8, "lon": 175.3}', 'Passionate about environmental conservation.', 'default.png', 'voter', 'active', 'allowed'),
(48, 'voter48', 'ca9a9cc6fd8b7d85b7984c8d20afd0e686147b10e8b44b4b4873a3d4dae3ab26', 'voter48@example.com', 'Ella', 'Brown', '{"lat": -41.2, "lon": 174.8}', 'Advocates for clean energy solutions.', 'default.png', 'voter', 'active', 'allowed'),
(49, 'voter49', '9a6c9484c483f2440c95cb0a301de29da1daa031072a95a97038da3eef47f09f', 'voter49@example.com', 'Liam', 'Taylor', '{"lat": -45.0, "lon": 168.8}', 'Committed to marine life protection.', 'default.png', 'voter', 'active', 'allowed'),
(50, 'voter50', 'eb037ff6688be308f14d1a043ce9bd7685b14a32f9da159665c1bca97636c5a2', 'voter50@example.com', 'Mia', 'Martin', '{"lat": -45.8, "lon": 170.4}', 'Supports efforts to save endangered species.', 'default.png', 'voter', 'active', 'allowed'),
(51, 'voter51', '1ee7e9977758d8ee34d577b1f0e8b9f0308978a50e8b2084541ccbf085c6305e', 'voter51@example.com', 'Isabella', 'Allen', '{"lat": -37.8, "lon": 175.3}', 'Focuses on river conservation activities.', 'default.png', 'voter', 'active', 'allowed'),
(52, 'voter52', '58c33f2a7f88b9d485023bb31f791a5e1c2e6cf3e96c91744974dbebb1b7f23d', 'voter52@example.com', 'Emily', 'Walker', '{"lat": -45.0, "lon": 168.8}', 'Promotes eco-friendly travel.', 'default.png', 'voter', 'active', 'allowed'),
(53, 'voter53', '96b84d288e04d523f5acd9064624f54f6ed5a1d94a981a471c663d7c4efc4888', 'voter53@example.com', 'Liam', 'Young', '{"lat": -41.3, "lon": 174.8}', 'Enthusiastic about reducing carbon footprint.', 'default.png', 'voter', 'active', 'allowed'),
(54, 'voter54', '3937e7091978bb5cb2360a1ebc0476655746f1b3582f23f1eb60746028222daa', 'voter54@example.com', 'Lucas', 'Harris', '{"lat": -43.6, "lon": 172.7}', 'Supports efforts to save endangered species.', 'default.png', 'voter', 'active', 'allowed'),
(55, 'voter55', '8cff847ef37dccb01d1e5cab78473dc851aa94a18399c196ead8ba8b7d7e0741', 'voter55@example.com', 'Sophia', 'Brown', '{"lat": -37.6, "lon": 175.3}', 'Focuses on river conservation activities.', 'default.png', 'voter', 'active', 'allowed'),
(56, 'voter56', '67f8d0dc6ea3b362254a90c1aaeab58fbed38353586b1930cb3908b6983389f8', 'voter56@example.com', 'Olivia', 'Taylor', '{"lat": -45.1, "lon": 168.7}', 'Dedicated to reducing plastic waste.', 'default.png', 'voter', 'active', 'allowed'),
(57, 'voter57', '2b3e7d8d3dc385a0f78182c96e38af0bc3c38e94ffbf03dbeb88d73775511106', 'voter57@example.com', 'William', 'Young', '{"lat": -36.9, "lon": 174.9}', 'Advocates for clean energy solutions.', 'default.png', 'voter', 'active', 'allowed'),
(58, 'voter58', 'a134b4e23f0d63f1d1e04392480bea3cc79f2f1a7526d08708bc5f6d30951992', 'voter58@example.com', 'Jack', 'Hill', '{"lat": -45.9, "lon": 170.4}', 'Committed to marine life protection.', 'default.png', 'voter', 'active', 'allowed'),
(59, 'voter59', '331bc78ca5833aeeb8b0511c11e6fd55560252abf14df0fe9d680fe86dccb716', 'voter59@example.com', 'Benjamin', 'Green', '{"lat": -36.9, "lon": 174.8}', 'Loves engaging in wildlife protection projects.', 'default.png', 'voter', 'active', 'allowed'),
(60, 'voter60', 'fc43fb24fc293894ca737309bd1a7e952e2a9f357645ed2ece156cbb32c6dff0', 'voter60@example.com', 'Ava', 'Scott', '{"lat": -37.6, "lon": 175.2}', 'Volunteers for habitat restoration efforts.', 'default.png', 'voter', 'active', 'allowed'),
(61, 'voter61', 'b2af34184bffc766697b99bce1c28daa0bc7299f53e1df9299133d4972363d3a', 'voter61@example.com', 'James', 'Brown', '{"lat": -36.8, "lon": 174.9}', 'Supports efforts to save endangered species.', 'default.png', 'voter', 'active', 'allowed'),
(62, 'voter62', '043fccb62703eed1edecc1e41a3c1e8ad81f130d31d4476ee61098e9e79970d2', 'voter62@example.com', 'Ella', 'Martin', '{"lat": -36.9, "lon": 174.9}', 'Organizes community tree planting events.', 'default.png', 'voter', 'active', 'allowed'),
(63, 'voter63', '2a01408bab8b264653f53b5a7a8a12a346752b83ba900466a95a7aff4e94a090', 'voter63@example.com', 'Charlotte', 'Wright', '{"lat": -41.2, "lon": 174.7}', 'Dedicated to reducing plastic waste.', 'default.png', 'voter', 'active', 'allowed'),
(64, 'voter64', 'd7db949d9269645bc061f61e865aa22a773bef686e37cf83fb156af59e68555e', 'voter64@example.com', 'Noah', 'Brown', '{"lat": -43.6, "lon": 172.6}', 'Enthusiastic about reducing carbon footprint.', 'default.png', 'voter', 'active', 'allowed'),
(65, 'voter65', '5258794af59b7a165b9111a177afd2c9048c5bac34b0d48217a88f3484e9d42c', 'voter65@example.com', 'Sophia', 'Clark', '{"lat": -36.8, "lon": 175.0}', 'Promotes eco-friendly travel.', 'default.png', 'voter', 'active', 'allowed'),
(66, 'voter66', 'f5de6b34bd1e5372dd23ae03279c601fc6751e731c03dce24715ea48b99d7a80', 'voter66@example.com', 'Benjamin', 'Scott', '{"lat": -36.8, "lon": 174.8}', 'Involved in beach cleanup initiatives.', 'default.png', 'voter', 'active', 'allowed'),
(67, 'voter67', '7a820890999a38e19299f8a6a82c8d0c496ef17c6bbdf91a192e6ef591c35b8c', 'voter67@example.com', 'Olivia', 'Allen', '{"lat": -41.3, "lon": 174.8}', 'Focuses on river conservation activities.', 'default.png', 'voter', 'active', 'allowed'),
(68, 'voter68', '5927d7d09a621e9fc19d236c7113e69d4e11f8cdc80f491e71056df18faf1354', 'voter68@example.com', 'Lucas', 'Green', '{"lat": -37.7, "lon": 175.3}', 'Committed to marine life protection.', 'default.png', 'voter', 'active', 'allowed'),
(69, 'voter69', '98bbf8bb7c3c66b044e20f0c04a57fcd39ba0cda1b92c6c3f6aeea5c38f604c3', 'voter69@example.com', 'Henry', 'Harris', '{"lat": -36.7, "lon": 174.9}', 'Supports efforts to save endangered species.', 'default.png', 'voter', 'active', 'allowed'),
(70, 'voter70', 'c7ab0a9f9f62e8b4c618866908a92829d88ff8ac20e8954e1131012278112f16', 'voter70@example.com', 'Isabella', 'King', '{"lat": -36.8, "lon": 174.8}', 'Loves engaging in wildlife protection projects.', 'default.png', 'voter', 'active', 'allowed'),
(71, 'voter71', '5a12eb9d4b541247210e52066b9b70b97a939cecb6ae46ccf981c8cc3d46c0e7', 'voter71@example.com', 'James', 'Thompson', '{"lat": -37.6, "lon": 175.3}', 'Organizes community tree planting events.', 'default.png', 'voter', 'active', 'allowed'),
(72, 'voter72', '38e329ddd897b410ff96c1492210fa8623434f0b469dcf1a230c7196881b6911', 'voter72@example.com', 'Amelia', 'Walker', '{"lat": -41.3, "lon": 174.7}', 'Enthusiastic about reducing carbon footprint.', 'default.png', 'voter', 'active', 'allowed'),
(73, 'voter73', '05eb5e0605c46e279b1a6dd77fb3648e0c1176fb72baac1a91db1dd4d846d3db', 'voter73@example.com', 'Alexander', 'Taylor', '{"lat": -45.8, "lon": 170.5}', 'Promotes eco-friendly travel.', 'default.png', 'voter', 'active', 'allowed'),
(74, 'voter74', '9d724a7ba7000e3ac6453e4c135b0964a85675881bb6cd95324a46ba0955fd04', 'voter74@example.com', 'Liam', 'Martin', '{"lat": -43.5, "lon": 172.7}', 'Involved in wetland restoration projects.', 'default.png', 'voter', 'active', 'allowed'),
(75, 'voter75', '91ad6a00fd652c97e84a8a88f460853327be00abc3866b3994f40b4b4b93129e', 'voter75@example.com', 'Jack', 'Johnson', '{"lat": -45.9, "lon": 170.5}', 'Committed to marine life protection.', 'default.png', 'voter', 'active', 'allowed'),
(76, 'voter76', '97c1108982227477b0ec7e229c648acc1b85e33160c903c91252d4031b109634', 'voter76@example.com', 'Emily', 'Lee', '{"lat": -36.8, "lon": 174.9}', 'Dedicated to reducing plastic waste.', 'default.png', 'voter', 'active', 'allowed'),
(77, 'voter77', 'f2ebf6c2188ffd9f5a7346e9472cb2530cf11231dadc1ff65591b629a6cede36', 'voter77@example.com', 'Mia', 'Wright', '{"lat": -45.0, "lon": 168.8}', 'Advocates for clean energy solutions.', 'default.png', 'voter', 'active', 'allowed'),
(78, 'voter78', '96128ad7e8788efd056ec132f5c6062ba03fafd43695eed089b1227b946fbb34', 'voter78@example.com', 'William', 'Taylor', '{"lat": -41.2, "lon": 174.7}', 'Loves engaging in wildlife protection projects.', 'default.png', 'voter', 'active', 'allowed'),
(79, 'voter79', 'bd159b3935020cfa1ce4a6c9dc9eadad1ce9f0487636081cc1979e5f8c5918cf', 'voter79@example.com', 'Sophia', 'Brown', '{"lat": -45.1, "lon": 168.7}', 'Organizes community tree planting events.', 'default.png', 'voter', 'active', 'allowed'),
(80, 'voter80', '87a70eb867488199013529db37cc3a6c73d124b868814d9663a90cb6f78b38b8', 'voter80@example.com', 'Ella', 'Martin', '{"lat": -37.8, "lon": 175.2}', 'Focuses on river conservation activities.', 'default.png', 'voter', 'active', 'allowed'),
(81, 'voter81', '3f84f82f0dc180d7d216db503b6a37f5b075067548dfd00d284bf8d89e810dde', 'voter81@example.com', 'Charlotte', 'Green', '{"lat": -45.1, "lon": 168.7}', 'Enthusiastic about reducing carbon footprint.', 'default.png', 'voter', 'active', 'allowed'),
(82, 'voter82', '9dc2c4612073cbb93f156f6299d6b13a2163df2dca6f7cf26d37b20f703a884f', 'voter82@example.com', 'Benjamin', 'Johnson', '{"lat": -45.8, "lon": 170.4}', 'Committed to marine life protection.', 'default.png', 'voter', 'active', 'allowed'),
(83, 'voter83', 'd1dc74bf50ac81c59822773eae309dc6ef6fc9326707c04a1d72b3d81deef0fe', 'voter83@example.com', 'Sophia', 'Hill', '{"lat": -37.8, "lon": 175.4}', 'Focuses on river conservation activities.', 'default.png', 'voter', 'active', 'allowed'),
(84, 'voter84', 'edd972bca34365d44a5db34f10094e3f99ef1949793429b7dcb7c17b3c0fc52a', 'voter84@example.com', 'Mia', 'Smith', '{"lat": -37.7, "lon": 175.3}', 'Organizes community tree planting events.', 'default.png', 'voter', 'active', 'allowed'),
(85, 'voter85', 'e868a5b9d132f76e3f0c9c412baddf51c54ac01a868341bf48d6eaffb9474438', 'voter85@example.com', 'Ava', 'Anderson', '{"lat": -45.8, "lon": 170.5}', 'Enthusiastic about reducing carbon footprint.', 'default.png', 'voter', 'active', 'allowed'),
(86, 'voter86', 'd26648451b085c38f2850d1386aad1269a40fc95beb8017edad9850b6d1c4ac9', 'voter86@example.com', 'Lucas', 'Martin', '{"lat": -36.9, "lon": 174.8}', 'Committed to marine life protection.', 'default.png', 'voter', 'active', 'allowed'),
(87, 'voter87', 'ee643d661b76d88e1e736a2eb3950301a68aa8b84164224957470850c839a300', 'voter87@example.com', 'Henry', 'Wright', '{"lat": -36.8, "lon": 174.8}', 'Advocates for clean energy solutions.', 'default.png', 'voter', 'active', 'allowed'),
(88, 'voter88', '5f079c345b8a4819f76cf2930896a3de468f893cedcc7a05a8a2fcafe9080611', 'voter88@example.com', 'Amelia', 'Brown', '{"lat": -36.8, "lon": 174.8}', 'Organizes community tree planting events.', 'default.png', 'voter', 'active', 'allowed'),
(89, 'voter89', 'd228ef661fd1c136c93472081716aec965ea7676f4cd06f257690a4dbd8b0f2b', 'voter89@example.com', 'Liam', 'Taylor', '{"lat": -41.3, "lon": 174.7}', 'Committed to marine life protection.', 'default.png', 'voter', 'active', 'allowed'),
(90, 'voter90', '8cd02c6170af89c7a96a41d94742f55e627defc813b310e63d9dcdcdb948b01d', 'voter90@example.com', 'Lucas', 'Green', '{"lat": -37.8, "lon": 175.3}', 'Enthusiastic about reducing carbon footprint.', 'default.png', 'voter', 'active', 'allowed'),
(91, 'voter91', 'd44f8e83577549f9e63f226e83cc61440266bf5c7c149844e4bfb430f85b32ad', 'voter91@example.com', 'Olivia', 'Johnson', '{"lat": -45.9, "lon": 170.5}', 'Supports efforts to save endangered species.', 'default.png', 'voter', 'active', 'allowed'),
(92, 'voter92', 'd6c3fd0ab50e8e45a319fdf181eca28e510c1d60b711c0219fe49f644af8ff52', 'voter92@example.com', 'Amelia', 'Walker', '{"lat": -45.1, "lon": 168.6}', 'Passionate about environmental conservation.', 'default.png', 'voter', 'active', 'allowed'),
(93, 'voter93', 'affd73b8bd97f718d730c699900a3a2d95bc65e7e729093d1629acf7bf73f42c', 'voter93@example.com', 'Charlotte', 'Anderson', '{"lat": -37.8, "lon": 175.4}', 'Involved in wetland restoration projects.', 'default.png', 'voter', 'active', 'allowed'),
(94, 'voter94', '99d20a83d7483d5ff864709e380240abf505a79239e7e756799508661e290b1b', 'voter94@example.com', 'Lucas', 'Martin', '{"lat": -43.5, "lon": 172.7}', 'Supports efforts to save endangered species.', 'default.png', 'voter', 'active', 'allowed'),
(95, 'voter95', 'd1db968a0491f980f818d624a213925e9136088aec1f070713f966845ff26eee', 'voter95@example.com', 'Emily', 'King', '{"lat": -45.0, "lon": 168.8}', 'Works towards forest preservation.', 'default.png', 'voter', 'active', 'allowed'),
(96, 'voter96', '785323e0aef664e42e0200d13eeeb25806821cce5de4d9e4750aad5d915fec93', 'voter96@example.com', 'Sophia', 'Walker', '{"lat": -45.8, "lon": 170.5}', 'Raises awareness about climate change.', 'default.png', 'voter', 'active', 'allowed'),
(97, 'voter97', '26732e48b88f9869793cc478b1fc43333974dc4725e8b242f015d7f4c537123f', 'voter97@example.com', 'Alexander', 'King', '{"lat": -37.8, "lon": 175.4}', 'Volunteers for habitat restoration efforts.', 'default.png', 'voter', 'active', 'allowed'),
(98, 'voter98', '4d774ef70b11910a970093ad14e6a868b2fdd0c5a767b090c6abfd2016d2c6df', 'voter98@example.com', 'Charlotte', 'Young', '{"lat": -37.6, "lon": 175.3}', 'Involved in beach cleanup initiatives.', 'default.png', 'voter', 'active', 'allowed'),
(99, 'voter99', 'a955d08fd69f7bd2abb62eb79a8cbd9d9c80004eaac2b6d2b5ee4691ecce64fe', 'voter99@example.com', 'Noah', 'Lee', '{"lat": -45.0, "lon": 168.7}', 'Enthusiastic about reducing carbon footprint.', 'img5.jpg', 'voter', 'active', 'allowed'),
(100, 'voter100', 'af765bf97816579c193aa8b2de7eb9b00a32944dc02c7e4d9be55aad277fab1a', 'voter100@example.com', 'Lucas', 'Walker', '{"lat": -45.0, "lon": 168.6}', 'Promotes eco-friendly travel.', 'default.png', 'voter', 'active', 'allowed'),
(101, 'siteadmin1', 'f8b0c38da5bcf5e7913b51e51a6e7e009c84110f377f0a0f1e178cd99e1bfe2a', 'siteadmin1@example.com', 'John', 'Doe', '{"lat": -45.9, "lon": 170.4}', NULL, 'default.png', 'siteadmin', 'active', 'allowed'),
(102, 'siteadmin2', '96bd7a2f308098c2e52d1cc3c9e5406f914f08fcf989989e35bc80c16063e455', 'siteadmin2@example.com', 'Jane', 'Smith', '{"lat": -45.0, "lon": 168.7}', NULL, 'default.png', 'siteadmin', 'active', 'allowed');


INSERT INTO `competitions` (id, name, voting_start_date, voting_end_date, status, theme_id, theme_name) VALUES
-- For theme_id = 1 (surfing spot)
(1, 'Most Scenic Surfing Spot 2025', '2025-09-15', '2025-10-10', 'pending', 1, 'Surfing Spot'),
(2, 'Best Value Surfing Spot 2025', '2025-09-20', '2025-11-01', 'pending', 1, 'Surfing Spot'),
(3, 'Best Year-Round Surfing Spot 2024', '2024-06-01', '2024-12-01', 'ongoing', 1, 'Surfing Spot'),
(4, 'Best Beginner Surfing Spot 2022', '2022-09-01', '2022-12-01', 'ended', 1, 'Surfing Spot'),
(5, 'Most Challenging Surfing Spot 2022', '2022-08-15', '2022-11-20', 'ended', 1, 'Surfing Spot'),
(6, 'Most Popular Surfing Spot 2023', '2023-11-01', '2023-12-15', 'published', 1, 'Surfing Spot'),
(7, 'Best Hidden Gem Surfing Spot 2023', '2023-09-01', '2023-11-01', 'published', 1, 'Surfing Spot'),
-- For theme_id = 2 (bird)
(8, 'Most Scenic Bird of the Year 2025', '2025-09-15', '2025-10-10', 'pending', 2, 'Bird'),
(9, 'Best Endangered Bird Species 2025', '2025-09-20', '2025-11-01', 'pending', 2, 'Bird'),
(10, 'Best Migratory Bird of the Year 2024', '2024-06-01', '2024-12-05', 'ongoing', 2, 'Bird'),
(11, 'Most Popular Bird Species 2022', '2022-09-01', '2022-12-01', 'ended', 2, 'Bird'),
(12, 'Best Songbird of the Year 2022', '2022-08-15', '2022-11-20', 'ended', 2, 'Bird'),
(13, 'Most Photogenic Bird of the Year 2023', '2023-11-01', '2023-12-15', 'published', 2, 'Bird'),
(14, 'Best Rare Bird Species 2023', '2023-09-01', '2023-11-01', 'published', 2, 'Bird'),
-- For theme_id = 3 (beach)
-- (15, 'Most Scenic Beach 2025', '2025-09-15', '2025-10-10', 'pending', 3, 'Beach'),
-- (16, 'Best Family-Friendly Beach 2025', '2025-09-20', '2025-11-01', 'pending', 3, 'Beach'),
-- (17, 'Best Preserved Beach 2024', '2024-06-01', '2024-12-01', 'ongoing', 3, 'Beach'),
-- (18, 'Most Popular Beach 2022', '2022-09-01', '2022-12-01', 'ended', 3, 'Beach'),
-- (19, 'Best Hidden Gem Beach 2022', '2022-08-15', '2022-11-20', 'ended', 3, 'Beach'),
-- (20, 'Best Beach for Adventure 2023', '2023-11-01', '2023-12-15', 'published', 3, 'Beach'),
-- (21, 'Best Family Beach Spot 2023', '2023-09-01', '2023-11-01', 'published', 3, 'Beach'),
-- For theme_id = 4 (forest)
(22, 'Most Scenic Forest 2025', '2025-09-15', '2025-10-10', 'pending', 4, 'Forest'),
(23, 'Best Ecologically Significant Forest 2025', '2025-09-20', '2025-11-01', 'pending', 4, 'Forest'),
(24, 'Best Forest for Wildlife 2024', '2024-06-01', '2024-12-01', 'ongoing', 4, 'Forest'),
(25, 'Most Popular Forest 2022', '2022-09-01', '2022-12-01', 'ended', 4, 'Forest'),
(26, 'Best Hidden Gem Forest 2022', '2022-08-15', '2022-11-20', 'ended', 4, 'Forest'),
(27, 'Best Family-Friendly Forest 2023', '2023-11-01', '2023-12-15', 'published', 4, 'Forest'),
(28, 'Best Forest for Adventure 2023', '2023-09-01', '2023-11-01', 'published', 4, 'Forest');



INSERT INTO `plants` (id, name, description, image, location, invasiveness) VALUES
-- For theme_id = 1 (surfing spot)
(1, 'Heather', 'Famous for its powerful waves and dramatic black sand beaches. A popular spot for surfers and photographers.', 'CallunaVulgaris.jpg', JSON_OBJECT('lat', -36.9525, 'lon', 174.4707), 'invasive'),
(2, 'Daphne', 'Known for its long left-hand break and relaxed atmosphere. Ideal for all levels of surfers.', 'daphne.jpg', JSON_OBJECT('lat', -37.8010, 'lon', 174.8717), 'non-invasive'),
(3, 'Pigs Ear', 'A rugged beach with consistent waves, suitable for experienced surfers. Also known for its gannet colony.', 'PigsEar.jpg', JSON_OBJECT('lat', -36.8370, 'lon', 174.4549), 'invasive'),
(4, 'Ice Plant', 'A picturesque spot with clear waters and great surf for beginners and intermediate surfers.', 'IcePlant.jpg', JSON_OBJECT('lat', -41.0412, 'lon', 173.0178), 'non-invasive'),
(5, 'Montbretia', 'A popular beach with great waves and a friendly surf community. Ideal for all skill levels.', 'montbretia.webp', JSON_OBJECT('lat', -37.2000, 'lon', 175.8710), 'invasive'),
(6, 'NZ Blueberry', 'A beautiful beach with consistent surf and a relaxed vibe. Perfect for a casual surf session.', 'blueberry.jpg', JSON_OBJECT('lat', -37.4008, 'lon', 175.9586), 'non-invasive'),
(7, 'Mexican Daisy', 'Located in Christchurch, it offers consistent surf and a great atmosphere for surfers.', 'daisy.jpg', JSON_OBJECT('lat', -43.5594, 'lon', 172.7762), 'invasive'),
(8, 'Kingfisher Daisy', 'Features powerful waves and excellent surf conditions. A great spot for advanced surfers.', 'KingfisherDaisy.jpg', JSON_OBJECT('lat', -39.0570, 'lon', 174.0700), 'non-invasive'),
(9, 'Aluminium Plant', 'Known for its fun and mellow waves, suitable for surfers of all levels.', 'AluminiumPlant.jpg', JSON_OBJECT('lat', -39.1488, 'lon', 173.9994), 'invasive'),
(10, 'Hosta Hybrid', 'Offers fantastic surf and stunning views. Popular among both locals and tourists.', 'hosta.jpg', JSON_OBJECT('lat', -37.6393, 'lon', 176.1770), 'non-invasive'),
(11, 'Tutsan', 'Located in the Bay of Islands, it provides good surf conditions and beautiful scenery.', 'tutsan.jpg', JSON_OBJECT('lat', -35.2835, 'lon', 174.0915), 'invasive'),
(12, 'Bush Lily', 'Renowned for its long, sandy beaches and great surf, ideal for longboarding.', 'BushLily.jpg', JSON_OBJECT('lat', -35.1708, 'lon', 173.1525), 'non-invasive'),
(13, 'Stinking Iris', 'A hidden gem with excellent surf and fewer crowds. Great for a more secluded surf experience.', 'StinkingIris.jpeg', JSON_OBJECT('lat', -41.2625, 'lon', 174.7140), 'invasive'),
(14, 'NZ Iris', 'Offers consistent surf and a vibrant surf community. A favorite among local surfers.', 'NZIris.webp', JSON_OBJECT('lat', -41.2924, 'lon', 174.7787), 'non-invasive'),
(15, 'Russell Lupin', 'Known for its scenic beauty and solid surf. Ideal for those looking to combine surfing with wildlife watching.', 'lupins.webp', JSON_OBJECT('lat', -42.4008, 'lon', 173.6819), 'invasive'),
(16, 'Koromiko', 'A stunning coastal location with great waves and a lighthouse backdrop. Perfect for advanced surfers.', 'koromiko.jpg', JSON_OBJECT('lat', -40.8999, 'lon', 176.2201), 'non-invasive'),
(17, 'Tradescantia', 'Features powerful surf and less crowded beaches. A great spot for experienced surfers.', 'Tradescantia.jpg', JSON_OBJECT('lat', -41.7540, 'lon', 171.6029), 'invasive'),
(18, 'Oxford Blue', 'Coromandel offers stunning scenery with ancient forests and peaks, plus great surf at Hot Water Beach', 'oxfordblue.jpg', JSON_OBJECT('lat', -36.7620, 'lon', 175.5295), 'non-invasive'),
(19, 'Periwinkle', 'Known for its beautiful beaches and great surf conditions. Ideal for surfers of all levels.', 'Periwinkle.jpg', JSON_OBJECT('lat', -37.0127, 'lon', 175.8490), 'invasive'),
(20, 'Creeping Pohuehue', 'Offers excellent surf and a laid-back vibe. Great for both beginners and experienced surfers.', 'pohuehue.jpg', JSON_OBJECT('lat', -38.6623, 'lon', 178.0176), 'non-invasive'),
(21, 'Bomarea', 'Famous for its powerful waves and dramatic black sand beaches. A popular spot for surfers and photographers.', 'Bomarea.jpg', JSON_OBJECT('lat', -36.9525, 'lon', 174.4707), 'invasive'),
(22, 'White Clematis', 'Known for its long left-hand break and relaxed atmosphere. Ideal for all levels of surfers.', 'clematis.jpg', JSON_OBJECT('lat', -37.8010, 'lon', 174.8717), 'non-invasive'),
(23, 'Clematis Vitalba', 'A rugged beach with consistent waves, suitable for experienced surfers. Also known for its gannet colony.', 'ClematisVitalba.jpg', JSON_OBJECT('lat', -36.8370, 'lon', 174.4549), 'invasive'),
(24, 'Clematis Henryii', 'A picturesque spot with clear waters and great surf for beginners and intermediate surfers.', 'henryii.webp', JSON_OBJECT('lat', -41.0412, 'lon', 173.0178), 'non-invasive'),
(25, 'English Ivy', 'A popular beach with great waves and a friendly surf community. Ideal for all skill levels.', 'englishivy.jpg', JSON_OBJECT('lat', -37.2000, 'lon', 175.8710), 'invasive'),
(26, 'Star Jasmine', 'A beautiful beach with consistent surf and a relaxed vibe. Perfect for a casual surf session.', 'starjasmine.jpg', JSON_OBJECT('lat', -37.4008, 'lon', 175.9586), 'non-invasive'),
(27, 'Japanese Honeysuckle', 'Located in Christchurch, it offers consistent surf and a great atmosphere for surfers.', 'japonica.jpg', JSON_OBJECT('lat', -43.5594, 'lon', 172.7762), 'invasive'),
(28, 'Sulphurea', 'Features powerful waves and excellent surf conditions. A great spot for advanced surfers.', 'sulphurea.jpg', JSON_OBJECT('lat', -39.0570, 'lon', 174.0700), 'non-invasive'),
(29, 'Flame Creeper', 'Known for its fun and mellow waves, suitable for surfers of all levels.', 'flamecreeper.jpeg', JSON_OBJECT('lat', -39.1488, 'lon', 173.9994), 'invasive'),
(30, 'Scarlet Rata', 'Offers fantastic surf and stunning views. Popular among both locals and tourists.', 'rata.webp', JSON_OBJECT('lat', -37.6393, 'lon', 176.1770), 'non-invasive');



INSERT INTO `competition_competitors` (`id`, `competition_id`, `competitor_id`, `vote_count`, `vote_ratio`, `is_winner`) VALUES
-- Competitions 1-2 (surfing spot)
(1, 1, 1, 0, 0, 0),
(2, 1, 2, 0, 0, 0),
(3, 1, 3, 0, 0, 0),
(4, 1, 4, 0, 0, 0),
(5, 1, 5, 0, 0, 0),
(6, 2, 6, 0, 0, 0),
(7, 2, 7, 0, 0, 0),
(8, 2, 8, 0, 0, 0),
(9, 2, 9, 0, 0, 0),
-- Competitions 3 ongoing (surfing spot)
(10, 3, 10, 10, 10/100, 0),
(11, 3, 11, 15, 15/100, 0),
(12, 3, 12, 3, 3/100, 0),
(13, 3, 13, 2, 2/100, 0),
(14, 3, 1, 0, 0/100, 0),
(15, 3, 2, 0, 0/100, 0),
(16, 3, 3, 0, 0/100, 0),
(17, 3, 4, 0, 0/100, 0),
(18, 3, 5, 0, 0/100, 0),
(19, 3, 6, 0, 0/100, 0),
(20, 3, 7, 0, 70/100, 0),
(21, 3, 8, 0, 0/100, 0),
(22, 3, 9, 0, 0/100, 0),
(23, 3, 14, 0, 0/100, 0),
(24, 3, 15, 0, 0/100, 0),
(25, 3, 16, 0, 0/100, 0),
(26, 3, 17, 0, 0/100, 0),
(27, 3, 18, 0, 0/100, 0),
(28, 3, 19, 0, 0/100, 0),
(29, 3, 20, 0, 0/100, 0),
-- Competitions 4-7 (surfing spot)
(30, 4, 14, 6, 6/30, 0),
(31, 4, 15, 10, 10/30, 1),
(32, 4, 16, 8, 8/30, 0),
(33, 4, 17, 6, 6/30, 0),
(34, 5, 18, 10, 10/30, 0),
(35, 5, 19, 15, 15/30, 1),
(36, 5, 20, 5, 5/30, 0),
(37, 6, 1, 8, 8/30, 0),
(38, 6, 2, 12, 12/30, 1),
(39, 6, 3, 6, 6/30, 0),
(40, 6, 4, 4, 4/30, 0),
(41, 7, 5, 10, 10/30, 1),
(42, 7, 6, 7, 7/30, 0),
(43, 7, 7, 8, 8/30, 0),
(44, 7, 8, 5, 5/30, 0),

-- Competitions 8-14 (bird)
(45, 8, 21, 0, 0, 0),
(46, 8, 22, 0, 0, 0),
(47, 8, 23, 0, 0, 0),
(48, 8, 24, 0, 0, 0),
(49, 8, 25, 0, 0, 0),
(50, 9, 26, 0, 0, 0),
(51, 9, 27, 0, 0, 0),
(52, 9, 28, 0, 0, 0),
(53, 9, 29, 0, 0, 0),
(54, 10, 30, 10, 10/30, 0),
(55, 10, 31, 15, 15/30, 0),
(56, 10, 32, 3, 3/30, 0),
(57, 10, 33, 2, 2/30, 0),
(58, 10, 21, 0, 0/30, 0),
(59, 10, 22, 0, 0/30, 0),
(60, 10, 23, 0, 0/30, 0),
(61, 10, 24, 0, 0/30, 0),
(62, 10, 25, 0, 0/30, 0),
(63, 10, 26, 0, 0/30, 0),
(64, 10, 27, 0, 0/30, 0),
(65, 10, 28, 0, 0/30, 0),
(66, 10, 29, 0, 0/30, 0),
(67, 10, 34, 0, 0/30, 0),
(68, 10, 35, 0, 0/30, 0),
(69, 10, 36, 0, 0/30, 0),
(70, 10, 37, 0, 0/30, 0),
(71, 10, 38, 0, 0/30, 0),
(72, 10, 39, 0, 0/30, 0),
(73, 10, 40, 0, 0/30, 0),
(74, 11, 34, 6, 6/30, 0),
(75, 11, 35, 10, 10/30, 1),
(76, 11, 36, 8, 8/30, 0),
(77, 11, 37, 6, 6/30, 0),
(78, 12, 38, 10, 10/30, 0),
(79, 12, 39, 15, 15/30, 1),
(80, 12, 40, 5, 5/30, 0),
(81, 13, 21, 8, 8/30, 0),
(82, 13, 22, 12, 12/30, 1),
(83, 13, 23, 6, 6/30, 0),
(84, 13, 24, 4, 4/30, 0),
(85, 14, 25, 10, 10/30, 1),
(86, 14, 26, 7, 7/30, 0),
(87, 14, 27, 8, 8/30, 0),
(88, 14, 28, 5, 5/30, 0),

-- Competitions 15-21 (beach)
-- (89, 15, 41, 0, 0, 0),
-- (90, 15, 42, 0, 0, 0),
-- (91, 15, 43, 0, 0, 0),
-- (92, 15, 44, 0, 0, 0),
-- (93, 15, 45, 0, 0, 0),
-- (94, 16, 46, 0, 0, 0),
-- (95, 16, 47, 0, 0, 0),
-- (96, 16, 48, 0, 0, 0),
-- (97, 16, 49, 0, 0, 0),
-- (98, 17, 50, 10, 10/30, 0),
-- (99, 17, 51, 15, 15/30, 0),
-- (100, 17, 52, 3, 3/30, 0),
-- (101, 17, 53, 2, 2/30, 0),
-- (102, 17, 41, 0, 0/30, 0),
-- (103, 17, 42, 0, 0/30, 0),
-- (104, 17, 43, 0, 0/30, 0),
-- (105, 17, 44, 0, 0/30, 0),
-- (106, 17, 45, 0, 0/30, 0),
-- (107, 17, 46, 0, 0/30, 0),
-- (108, 17, 47, 0, 0/30, 0),
-- (109, 17, 48, 0, 0/30, 0),
-- (110, 17, 49, 0, 0/30, 0),
-- (111, 17, 54, 0, 0/30, 0),
-- (112, 17, 55, 0, 0/30, 0),
-- (113, 17, 56, 0, 0/30, 0),
-- (114, 17, 57, 0, 0/30, 0),
-- (115, 17, 58, 0, 0/30, 0),
-- (116, 17, 59, 0, 0/30, 0),
-- (117, 17, 60, 0, 0/30, 0),
-- (118, 18, 54, 6, 6/30, 0),
-- (119, 18, 55, 10, 10/30, 1),
-- (120, 18, 56, 8, 8/30, 0),
-- (121, 18, 57, 6, 6/30, 0),
-- (122, 19, 58, 10, 10/30, 0),
-- (123, 19, 59, 15, 15/30, 1),
-- (124, 19, 60, 5, 5/30, 0),
-- (125, 20, 41, 8, 8/30, 0),
-- (126, 20, 42, 12, 12/30, 1),
-- (127, 20, 43, 6, 6/30, 0),
-- (128, 20, 44, 4, 4/30, 0),
-- (129, 21, 45, 10, 10/30, 1),
-- (130, 21, 46, 7, 7/30, 0),
-- (131, 21, 47, 8, 8/30, 0),
-- (132, 21, 48, 5, 5/30, 0),

-- Competitions 22-28 (forest)
(133, 22, 61, 0, 0, 0),
(134, 22, 62, 0, 0, 0),
(135, 22, 63, 0, 0, 0),
(136, 22, 64, 0, 0, 0),
(137, 22, 65, 0, 0, 0),
(138, 23, 66, 0, 0, 0),
(139, 23, 67, 0, 0, 0),
(140, 23, 68, 0, 0, 0),
(141, 23, 69, 0, 0, 0),
(142, 24, 70, 10, 10/30, 0),
(143, 24, 71, 15, 15/30, 0),
(144, 24, 72, 3, 3/30, 0),
(145, 24, 73, 2, 2/30, 0),
(146, 24, 61, 0, 0/30, 0),
(147, 24, 62, 0, 0/30, 0),
(148, 24, 63, 0, 0/30, 0),
(149, 24, 64, 0, 0/30, 0),
(150, 24, 65, 0, 0/30, 0),
(151, 24, 66, 0, 0/30, 0),
(152, 24, 67, 0, 0/30, 0),
(153, 24, 68, 0, 0/30, 0),
(154, 24, 69, 0, 0/30, 0),
(155, 24, 74, 0, 0/30, 0),
(156, 24, 75, 0, 0/30, 0),
(157, 24, 76, 0, 0/30, 0),
(158, 24, 77, 0, 0/30, 0),
(159, 24, 78, 0, 0/30, 0),
(160, 24, 79, 0, 0/30, 0),
(161, 24, 80, 0, 0/30, 0),
(162, 25, 74, 6, 6/30, 0),
(163, 25, 75, 10, 10/30, 1),
(164, 25, 76, 8, 8/30, 0),
(165, 25, 77, 6, 6/30, 0),
(166, 26, 78, 10, 10/30, 0),
(167, 26, 79, 15, 15/30, 1),
(168, 26, 80, 5, 5/30, 0),
(169, 27, 61, 8, 8/30, 0),
(170, 27, 62, 12, 12/30, 1),
(171, 27, 63, 6, 6/30, 0),
(172, 27, 64, 4, 4/30, 0),
(173, 28, 65, 10, 10/30, 1),
(174, 28, 66, 7, 7/30, 0),
(175, 28, 67, 8, 8/30, 0),
(176, 28, 68, 5, 5/30, 0);



INSERT INTO `votes` (`competition_competitor_id`, `voter_id`, `voting_time`, `voting_ip`, `status`) VALUES
-- For Competition 3
(10, 1, '2024-06-01', '192.168.1.1', 'valid'),
(11, 2, '2024-06-01', '192.168.1.2', 'valid'),
(12, 3, '2024-06-01', '192.168.1.3', 'valid'),
(13, 4, '2024-06-01', '192.168.1.4', 'valid'),
(10, 5, '2024-06-02', '192.168.1.1', 'valid'),
(11, 6, '2024-06-02', '192.168.1.2', 'valid'),
(12, 7, '2024-06-02', '192.168.1.3', 'valid'),
(13, 8, '2024-06-02', '192.168.1.4', 'valid'),
(10, 9, '2024-06-03', '203.0.113.5', 'valid'),
(11, 10, '2024-06-03', '192.168.1.1', 'valid'),
(12, 11, '2024-06-03', '198.51.100.2', 'valid'),
(13, 12, '2024-06-03', '203.0.113.5', 'valid'),
(10, 13, '2024-06-03', '203.0.113.5', 'valid'),
(11, 14, '2024-06-03', '198.51.100.3', 'valid'),
(12, 15, '2024-06-03', '203.0.113.5', 'valid'),
(13, 16, '2024-06-03', '203.0.113.5', 'valid'),
(10, 17, '2024-06-03', '192.168.1.2', 'valid'),
(11, 18, '2024-06-03', '198.51.100.2', 'valid'),
(12, 19, '2024-06-03', '203.0.113.6', 'valid'),
(13, 20, '2024-06-03', '198.51.100.3', 'valid'),
(10, 21, '2024-08-17', '203.0.113.5', 'valid'),
(11, 22, '2024-08-17', '192.168.1.3', 'valid'),
(12, 23, '2024-08-17', '198.51.100.2', 'valid'),
(13, 24, '2024-08-17', '203.0.113.7', 'valid'),
(10, 25, '2024-08-17', '198.51.100.4', 'valid'),
(11, 26, '2024-08-17', '203.0.113.8', 'valid'),
(12, 27, '2024-08-17', '192.168.1.4', 'valid'),
(13, 28, '2024-08-17', '198.51.100.3', 'valid'),
(10, 29, '2024-08-18', '203.0.113.5', 'valid'),
(11, 30, '2024-08-18', '198.51.100.2', 'valid'),
(20, 31, '2024-06-25', '192.168.1.177', 'valid'),
(20, 32, '2024-08-25', '203.0.113.89', 'valid'),
(20, 33, '2024-09-04', '198.51.100.176', 'valid'),
(20, 34, '2024-09-10', '198.51.100.25', 'valid'),
(20, 35, '2024-08-21', '198.51.100.80', 'valid'),
(20, 36, '2024-08-09', '198.51.100.133', 'valid'),
(20, 37, '2024-07-22', '198.51.100.41', 'valid'),
(20, 38, '2024-08-11', '192.168.1.164', 'valid'),
(20, 39, '2024-08-29', '192.168.1.202', 'valid'),
(20, 40, '2024-07-31', '198.51.100.225', 'valid'),
(20, 41, '2024-09-23', '192.168.1.58', 'valid'),
(20, 42, '2024-07-14', '203.0.113.77', 'valid'),
(20, 43, '2024-06-12', '192.168.1.187', 'valid'),
(20, 44, '2024-08-24', '203.0.113.58', 'valid'),
(20, 45, '2024-06-12', '198.51.100.178', 'valid'),
(20, 46, '2024-08-27', '198.51.100.60', 'valid'),
(20, 47, '2024-09-10', '198.51.100.41', 'valid'),
(20, 48, '2024-09-25', '192.168.1.158', 'valid'),
(20, 49, '2024-09-01', '203.0.113.61', 'valid'),
(20, 50, '2024-06-29', '203.0.113.126', 'valid'),
(20, 51, '2024-08-27', '203.0.113.32', 'valid'),
(20, 52, '2024-08-30', '192.168.1.201', 'valid'),
(20, 53, '2024-08-19', '198.51.100.170', 'valid'),
(20, 54, '2024-07-08', '198.51.100.51', 'valid'),
(20, 55, '2024-06-03', '192.168.1.170', 'valid'),
(20, 56, '2024-08-04', '198.51.100.240', 'valid'),
(20, 57, '2024-07-28', '198.51.100.45', 'valid'),
(20, 58, '2024-09-19', '198.51.100.139', 'valid'),
(20, 59, '2024-07-21', '192.168.1.109', 'valid'),
(20, 60, '2024-09-01', '198.51.100.25', 'valid'),
(20, 61, '2024-06-17', '198.51.100.46', 'valid'),
(20, 62, '2024-06-13', '203.0.113.181', 'valid'),
(20, 63, '2024-08-01', '192.168.1.208', 'valid'),
(20, 64, '2024-08-29', '192.168.1.209', 'valid'),
(20, 65, '2024-09-24', '198.51.100.206', 'valid'),
(20, 66, '2024-09-16', '198.51.100.54', 'valid'),
(20, 67, '2024-08-28', '203.0.113.68', 'valid'),
(20, 68, '2024-06-18', '198.51.100.132', 'valid'),
(20, 69, '2024-09-03', '198.51.100.40', 'valid'),
(20, 70, '2024-07-15', '203.0.113.46', 'valid'),
(20, 71, '2024-07-08', '203.0.113.49', 'valid'),
(20, 72, '2024-06-07', '198.51.100.94', 'valid'),
(20, 73, '2024-07-18', '203.0.113.220', 'valid'),
(20, 74, '2024-08-05', '198.51.100.184', 'valid'),
(20, 75, '2024-06-29', '198.51.100.168', 'valid'),
(20, 76, '2024-08-01', '198.51.100.72', 'valid'),
(20, 77, '2024-07-13', '198.51.100.189', 'valid'),
(20, 78, '2024-08-05', '192.168.1.230', 'valid'),
(20, 79, '2024-09-06', '192.168.1.230', 'valid'),
(20, 80, '2024-08-28', '203.0.113.88', 'valid'),
(20, 81, '2024-08-07', '203.0.113.167', 'valid'),
(20, 82, '2024-08-18', '203.0.113.77', 'valid'),
(20, 83, '2024-06-09', '192.168.1.93', 'valid'),
(20, 84, '2024-08-09', '192.168.1.132', 'valid'),
(20, 85, '2024-08-30', '192.168.1.94', 'valid'),
(20, 86, '2024-09-19', '198.51.100.186', 'valid'),
(20, 87, '2024-09-29', '198.51.100.120', 'valid'),
(20, 88, '2024-07-01', '198.51.100.31', 'valid'),
(20, 89, '2024-06-25', '192.168.1.133', 'valid'),
(20, 90, '2024-07-16', '192.168.1.153', 'valid'),
(20, 91, '2024-09-24', '203.0.113.61', 'valid'),
(20, 92, '2024-09-13', '203.0.113.13', 'valid'),
(20, 93, '2024-08-26', '198.51.100.76', 'valid'),
(20, 94, '2024-07-24', '192.168.1.94', 'valid'),
(20, 95, '2024-06-04', '192.168.1.92', 'valid'),
(20, 96, '2024-09-08', '192.168.1.164', 'valid'),
(20, 97, '2024-06-01', '198.51.100.89', 'valid'),
(20, 98, '2024-09-08', '198.51.100.116', 'valid'),
(20, 99, '2024-08-15', '198.51.100.94', 'valid'),
(20, 102, '2024-06-22', '198.51.100.242', 'valid'),

-- For Competition 4
(14, 1, '2023-08-15', '192.168.1.1', 'valid'),
(14, 2, '2023-09-15', '192.168.1.2', 'valid'),
(14, 3, '2023-10-15', '192.168.1.3', 'valid'),
(14, 4, '2023-11-20', '192.168.1.4', 'valid'),
(14, 5, '2023-08-15', '203.0.113.5', 'valid'),
(14, 6, '2023-09-15', '192.168.1.1', 'valid'),
(14, 7, '2023-10-15', '198.51.100.2', 'valid'),
(14, 8, '2023-11-20', '203.0.113.5', 'valid'),
(14, 9, '2023-08-15', '203.0.113.5', 'valid'),
(14, 10, '2023-09-15', '198.51.100.3', 'valid'),
(15, 11, '2023-10-15', '203.0.113.5', 'valid'),
(15, 12, '2023-11-20', '203.0.113.5', 'valid'),
(15, 13, '2023-08-15', '192.168.1.2', 'valid'),
(15, 14, '2023-09-15', '198.51.100.2', 'valid'),
(15, 15, '2023-10-15', '203.0.113.7', 'valid'),
(15, 16, '2023-11-20', '198.51.100.4', 'valid'),
(15, 17, '2023-08-15', '203.0.113.8', 'valid'),
(16, 18, '2023-09-15', '192.168.1.4', 'valid'),
(16, 19, '2023-10-15', '198.51.100.3', 'valid'),
(16, 20, '2023-11-20', '203.0.113.5', 'valid'),
(16, 21, '2023-08-15', '198.51.100.2', 'valid'),
(16, 22, '2023-09-15', '192.168.1.3', 'valid'),
(16, 23, '2023-10-15', '198.51.100.2', 'valid'),
(16, 24, '2023-11-20', '203.0.113.7', 'valid'),
(17, 25, '2023-08-15', '198.51.100.4', 'valid'),
(17, 26, '2023-09-15', '203.0.113.8', 'valid'),
(17, 27, '2023-10-15', '192.168.1.4', 'valid'),
(17, 28, '2023-11-20', '198.51.100.3', 'valid'),
(17, 29, '2023-08-15', '203.0.113.5', 'valid'),
(17, 30, '2023-09-15', '198.51.100.2', 'valid'),
-- For Competition 5
(18, 1, '2023-09-01', '192.168.1.1', 'valid'),
(18, 2, '2023-10-01', '192.168.1.2', 'valid'),
(18, 3, '2023-11-01', '192.168.1.3', 'valid'),
(18, 4, '2023-12-01', '192.168.1.4', 'valid'),
(18, 5, '2023-09-01', '203.0.113.5', 'valid'),
(19, 6, '2023-10-01', '192.168.1.1', 'valid'),
(19, 7, '2023-11-01', '198.51.100.2', 'valid'),
(19, 8, '2023-12-01', '203.0.113.5', 'valid'),
(19, 9, '2023-09-01', '203.0.113.5', 'valid'),
(19, 10, '2023-10-01', '198.51.100.3', 'valid'),
(19, 11, '2023-11-01', '203.0.113.5', 'valid'),
(19, 12, '2023-12-01', '203.0.113.5', 'valid'),
(19, 13, '2023-09-01', '192.168.1.2', 'valid'),
(20, 14, '2023-10-01', '198.51.100.2', 'valid'),
(20, 15, '2023-11-01', '203.0.113.7', 'valid'),
(20, 16, '2023-12-01', '198.51.100.4', 'valid'),
(20, 17, '2023-09-01', '203.0.113.8', 'valid'),
(20, 18, '2023-10-01', '192.168.1.4', 'valid'),
(20, 19, '2023-11-01', '198.51.100.3', 'valid'),
(20, 20, '2023-12-01', '203.0.113.5', 'valid'),
(20, 21, '2023-09-01', '198.51.100.2', 'valid'),
(20, 22, '2023-10-01', '192.168.1.3', 'valid'),
(20, 23, '2023-11-01', '198.51.100.2', 'valid'),
(20, 24, '2023-12-01', '203.0.113.7', 'valid'),
(20, 25, '2023-09-01', '198.51.100.4', 'valid'),
(20, 26, '2023-10-01', '203.0.113.8', 'valid'),
(20, 27, '2023-11-01', '192.168.1.4', 'valid'),
(20, 28, '2023-12-01', '198.51.100.3', 'valid'),
(20, 29, '2023-09-01', '203.0.113.5', 'valid'),
(20, 30, '2023-10-01', '198.51.100.2', 'valid'),
-- For Competition 6
(21, 1, '2023-11-01', '192.168.1.1', 'valid'),
(22, 2, '2023-11-01', '192.168.1.2', 'valid'),
(23, 3, '2023-11-01', '192.168.1.3', 'valid'),
(24, 4, '2023-11-01', '192.168.1.4', 'valid'),
(21, 5, '2023-11-30', '203.0.113.5', 'valid'),
(22, 6, '2023-11-30', '192.168.1.1', 'valid'),
(23, 7, '2023-11-30', '198.51.100.2', 'valid'),
(24, 8, '2023-11-30', '203.0.113.5', 'valid'),
(21, 9, '2023-11-30', '203.0.113.5', 'valid'),
(22, 10, '2023-11-30', '198.51.100.3', 'valid'),
(23, 11, '2023-11-30', '203.0.113.5', 'valid'),
(24, 12, '2023-11-30', '203.0.113.5', 'valid'),
(21, 13, '2023-11-30', '192.168.1.2', 'valid'),
(22, 14, '2023-11-30', '198.51.100.2', 'valid'),
(23, 15, '2023-11-30', '203.0.113.7', 'valid'),
(24, 16, '2023-11-30', '198.51.100.4', 'valid'),
(21, 17, '2023-11-30', '203.0.113.8', 'valid'),
(22, 18, '2023-11-30', '192.168.1.4', 'valid'),
(23, 19, '2023-11-30', '198.51.100.3', 'valid'),
(24, 20, '2023-11-30', '203.0.113.5', 'valid'),
(21, 21, '2023-12-15', '198.51.100.2', 'valid'),
(22, 22, '2023-12-15', '192.168.1.3', 'valid'),
(23, 23, '2023-12-15', '198.51.100.2', 'valid'),
(24, 24, '2023-12-15', '203.0.113.7', 'valid'),
(21, 25, '2023-12-15', '198.51.100.4', 'valid'),
(22, 26, '2023-12-15', '203.0.113.8', 'valid'),
(23, 27, '2023-12-15', '192.168.1.4', 'valid'),
(24, 28, '2023-12-15', '198.51.100.3', 'valid'),
(21, 29, '2023-12-15', '203.0.113.5', 'valid'),
(22, 30, '2023-12-15', '198.51.100.2', 'valid'),
-- For Competition 7
(25, 1, '2023-09-01', '192.168.1.1', 'valid'),
(26, 2, '2023-09-01', '192.168.1.2', 'valid'),
(27, 3, '2023-09-01', '192.168.1.3', 'valid'),
(28, 4, '2023-09-01', '192.168.1.4', 'valid'),
(25, 5, '2023-09-01', '203.0.113.5', 'valid'),
(26, 6, '2023-09-01', '192.168.1.1', 'valid'),
(27, 7, '2023-09-01', '198.51.100.2', 'valid'),
(28, 8, '2023-09-01', '203.0.113.5', 'valid'),
(25, 9, '2023-09-01', '203.0.113.5', 'valid'),
(26, 10, '2023-09-01', '198.51.100.3', 'valid'),
(27, 11, '2023-09-01', '203.0.113.5', 'valid'),
(28, 12, '2023-09-01', '203.0.113.5', 'valid'),
(25, 13, '2023-09-01', '192.168.1.2', 'valid'),
(26, 14, '2023-09-01', '198.51.100.2', 'valid'),
(27, 15, '2023-09-01', '203.0.113.7', 'valid'),
(28, 16, '2023-09-01', '198.51.100.4', 'valid'),
(25, 17, '2023-09-01', '203.0.113.8', 'valid'),
(26, 18, '2023-09-01', '192.168.1.4', 'valid'),
(27, 19, '2023-09-01', '198.51.100.3', 'valid'),
(28, 20, '2023-09-01', '203.0.113.5', 'valid'),
(25, 21, '2023-10-01', '198.51.100.2', 'valid'),
(26, 22, '2023-10-01', '192.168.1.3', 'valid'),
(27, 23, '2023-10-01', '198.51.100.2', 'valid'),
(28, 24, '2023-10-01', '203.0.113.7', 'valid'),
(25, 25, '2023-10-01', '198.51.100.4', 'valid'),
(26, 26, '2023-10-01', '203.0.113.8', 'valid'),
(27, 27, '2023-10-01', '192.168.1.4', 'valid'),
(28, 28, '2023-10-01', '198.51.100.3', 'valid'),
(25, 29, '2023-11-01', '203.0.113.5', 'valid'),
(26, 30, '2023-11-01', '198.51.100.2', 'valid'),

-- For Ongoing Competitions
-- Competition 10
(38, 1, '2024-06-01', '192.168.1.1', 'valid'),
(39, 2, '2024-06-01', '192.168.1.2', 'valid'),
(40, 3, '2024-06-01', '192.168.1.3', 'valid'),
(41, 4, '2024-06-01', '192.168.1.4', 'valid'),
(38, 5, '2024-06-02', '192.168.1.1', 'valid'),
(39, 6, '2024-06-02', '192.168.1.2', 'valid'),
(40, 7, '2024-06-02', '192.168.1.3', 'valid'),
(41, 8, '2024-06-02', '192.168.1.4', 'valid'),
(38, 9, '2024-06-03', '203.0.113.5', 'valid'),
(39, 10, '2024-06-03', '192.168.1.1', 'valid'),

-- Competition 17
(82, 1, '2024-06-01', '192.168.1.1', 'valid'),
(83, 2, '2024-06-01', '192.168.1.2', 'valid'),
(84, 3, '2024-06-01', '192.168.1.3', 'valid'),
(85, 4, '2024-06-01', '192.168.1.4', 'valid'),
(82, 5, '2024-06-02', '192.168.1.1', 'valid'),
(83, 6, '2024-06-02', '192.168.1.2', 'valid'),
(84, 7, '2024-06-02', '192.168.1.3', 'valid'),

-- Competition 24
-- (126, 1, '2024-06-01', '192.168.1.1', 'valid'),
-- (127, 2, '2024-06-01', '192.168.1.2', 'valid'),
-- (128, 3, '2024-06-01', '192.168.1.3', 'valid'),
-- (129, 4, '2024-06-01', '192.168.1.4', 'valid'),

-- For Ended Competitions
-- Competition 11
(58, 1, '2023-09-01', '192.168.1.1', 'valid'),
(59, 2, '2023-09-01', '192.168.1.2', 'valid'),
(60, 3, '2023-09-01', '192.168.1.3', 'valid'),
(61, 4, '2023-09-01', '192.168.1.4', 'valid'),
(58, 5, '2023-09-02', '192.168.1.1', 'valid'),
(59, 6, '2023-09-02', '192.168.1.2', 'valid'),
(60, 7, '2023-09-02', '192.168.1.3', 'valid'),

-- Competition 18
-- (106, 1, '2023-09-01', '192.168.1.1', 'valid'),
-- (107, 2, '2023-09-01', '192.168.1.2', 'valid'),
-- (108, 3, '2023-09-01', '192.168.1.3', 'valid'),
-- (109, 4, '2023-09-01', '192.168.1.4', 'valid'),

-- Competition 25
(150, 1, '2023-09-01', '192.168.1.1', 'valid'),
(151, 2, '2023-09-01', '192.168.1.2', 'valid'),
(152, 3, '2023-09-01', '192.168.1.3', 'valid'),
(153, 4, '2023-09-01', '192.168.1.4', 'valid'),

-- For Published Competitions
-- Competition 13
(65, 1, '2023-09-01', '192.168.1.1', 'valid'),
(66, 2, '2023-09-01', '192.168.1.2', 'valid'),
(67, 3, '2023-09-01', '192.168.1.3', 'valid'),
(68, 4, '2023-09-01', '192.168.1.4', 'valid'),

-- Competition 20
-- (109, 1, '2023-09-01', '192.168.1.1', 'valid'),
-- (110, 2, '2023-09-01', '192.168.1.2', 'valid'),
-- (111, 3, '2023-09-01', '192.168.1.3', 'valid'),
-- (112, 4, '2023-09-01', '192.168.1.4', 'valid'),

-- Competition 27
(153, 1, '2023-09-01', '192.168.1.1', 'valid'),
(154, 2, '2023-09-01', '192.168.1.2', 'valid'),
(155, 3, '2023-09-01', '192.168.1.3', 'valid'),
(156, 4, '2023-09-01', '192.168.1.4', 'valid');



-- INSERT INTO `messages` (`message_id`, `user_id`, `title`, `content`, `created_at`, `theme_id`) VALUES
-- -- For theme_id = 1 (surfing spot)
-- (1, 1, 'Most Scenic Surfing Spot 2025', 'Vote for the Most Scenic Surfing Spot of 2025! Help raise awareness about these breathtaking natural locations and the need to protect them from environmental degradation.', '2024-10-29', 1),
-- (2, 1, 'Best Value Surfing Spot 2025', 'Join us in celebrating the best value surfing spots that offer not only great waves but also environmentally responsible tourism. Vote now to support sustainable surf destinations!', '2024-10-29', 1),
-- (3, 1, 'Best Year-Round Surfing Spot 2024', 'The best year-round surfing spots offer amazing waves and pristine nature all year long. Cast your vote and help protect these vital surfing locations!', '2024-06-01', 1),
-- (4, 1, 'Best Beginner Surfing Spot 2022', 'Encourage new surfers while preserving our oceans! Vote for the best beginner-friendly surfing spots and help keep these environments clean and accessible.', '2022-09-01', 1),
-- (5, 1, 'Most Challenging Surfing Spot 2022', 'Support the protection of the most challenging surfing spots! These wild waves come with ecosystems that need our help. Cast your vote and stand for ocean conservation.', '2022-08-15', 1),
-- (6, 1, 'Most Popular Surfing Spot 2023', 'Help us find the most popular surfing spot! Vote for your favorite location and support ongoing efforts to preserve these natural wonders for future generations.', '2023-11-01', 1),
-- (7, 1, 'Best Hidden Gem Surfing Spot 2023', 'Some of the best surfing spots are hidden gems. Help highlight these beautiful and secluded locations by voting today, and let’s work together to protect them from harm.', '2023-09-01', 1),

-- -- For theme_id = 2 (bird)
-- (8, 2, 'Most Scenic Bird of the Year 2025', 'Celebrate the beauty of nature by voting for the Most Scenic Bird of the Year! Your vote can help raise awareness about bird conservation efforts worldwide.', '2024-10-29', 2),
-- (9, 2, 'Best Endangered Bird Species 2025', 'Vote for the Best Endangered Bird Species and join the fight to protect them from extinction. Every vote helps bring attention to their plight and supports conservation efforts.', '2024-10-29', 2),
-- (10, 2, 'Best Migratory Bird of the Year 2024', 'Migratory birds travel thousands of miles, facing numerous threats along the way. Cast your vote for the Best Migratory Bird and help protect their vital routes.', '2024-06-01', 2),
-- (11, 2, 'Most Popular Bird Species 2022', 'Join us in celebrating the Most Popular Bird Species of 2022! Vote for your favorite bird and contribute to global efforts to protect bird habitats.', '2022-09-01', 2),
-- (12, 2, 'Best Songbird of the Year 2022', 'Support the sweet melodies of nature! Vote for the Best Songbird of the Year and help preserve the environments where these beautiful singers thrive.', '2022-08-15', 2),
-- (13, 2, 'Most Photogenic Bird of the Year 2023', 'Vote for the Most Photogenic Bird of the Year! These stunning birds need our help to protect their habitats. Let’s ensure their beauty is preserved for future generations.', '2023-11-01', 2),
-- (14, 2, 'Best Rare Bird Species 2023', 'Rare birds are at risk of disappearing forever. Cast your vote for the Best Rare Bird Species and support efforts to protect these vulnerable species.', '2023-09-01', 2),

-- -- For theme_id = 4 (forest)
-- (15, 4, 'Most Scenic Forest 2025', 'Vote for the Most Scenic Forest of 2025 and help protect the beauty of these vital ecosystems. Forests are not just beautiful—they are essential for life on Earth.', '2024-10-29', 4),
-- (16, 4, 'Best Ecologically Significant Forest 2025', 'The most ecologically significant forests are home to countless species. Cast your vote and help protect these critical ecosystems from deforestation and climate change.', '2024-10-29', 4),
-- (17, 4, 'Best Forest for Wildlife 2024', 'Wildlife thrives in healthy forests. Vote for the Best Forest for Wildlife and support efforts to preserve habitats for endangered species.', '2024-06-01', 4),
-- (18, 4, 'Most Popular Forest 2022', 'Forests provide oxygen, biodiversity, and beauty. Vote for the Most Popular Forest of 2022 and help raise awareness about the importance of protecting our forests.', '2022-09-01', 4),
-- (19, 4, 'Best Hidden Gem Forest 2022', 'Some forests are hidden gems, known only to a few. Vote to protect these lesser-known forests and ensure they remain untouched by development.', '2022-08-15', 4),
-- (20, 4, 'Best Family-Friendly Forest 2023', 'Family-friendly forests offer a space for everyone to connect with nature. Vote for the Best Family-Friendly Forest and help create a future where nature thrives.', '2023-11-01', 4),
-- (21, 4, 'Best Forest for Adventure 2023', 'For adventurers, the best forests are wild and untamed. Vote for the Best Forest for Adventure and support efforts to keep these natural playgrounds intact.', '2023-09-01', 4);



-- INSERT INTO replies (reply_id, message_id, user_id, content, created_at) VALUES
-- -- Replies for message_id = 1
-- (1, 1, 5, 'This is such a beautiful cause! I love the idea of protecting scenic surfing spots.', '2024-09-16'),
-- (2, 1, 10, 'We need to do more to protect our beaches! Voting now.', '2024-09-17'),
-- (3, 1, 3, 'Count me in! I’ll definitely vote for my favorite surf spot.', '2024-09-18'),
-- (4, 1, 7, 'The ocean is under threat, and we need to act fast.', '2024-09-19'),
-- (5, 1, 15, 'Surfing spots are so precious. Glad to see this competition raising awareness.', '2024-09-20'),
-- (6, 1, 25, 'More people should care about our beaches. Time to spread the word.', '2024-09-21'),
-- (7, 1, 12, 'I visited one of the nominated spots last year! Amazing place.', '2024-09-22'),
-- (8, 1, 18, 'Can’t wait to see the results. All these spots deserve recognition.', '2024-09-23'),
-- (9, 1, 22, 'This competition is such a great idea for awareness. Kudos to the organizers.', '2024-09-24'),
-- (10, 1, 9, 'Hope this brings attention to how fragile these ecosystems are.', '2024-09-25'),

-- -- Replies for message_id = 2
-- (11, 2, 4, 'Supporting sustainable tourism is crucial. Great initiative!', '2024-09-21'),
-- (12, 2, 11, 'Best value spots? Sounds awesome! Going to vote now.', '2024-09-22'),
-- (13, 2, 14, 'We should all support eco-friendly surf spots.', '2024-09-23'),
-- (14, 2, 2, 'Surfing is such a big part of our lives. Let’s protect it!', '2024-09-24'),
-- (15, 2, 8, 'Such competitions remind us of the importance of our natural surroundings.', '2024-09-25'),
-- (16, 2, 20, 'We have to make sure future generations enjoy these spots as much as we do.', '2024-09-26'),
-- (17, 2, 13, 'I’m excited to see who wins! Each spot is deserving.', '2024-09-27'),
-- (18, 2, 17, 'Voting now! Hope the best spot wins and gets the attention it needs.', '2024-09-28'),
-- (19, 2, 29, 'It’s inspiring to see initiatives that align with protecting our environment.', '2024-09-29'),
-- (20, 2, 30, 'Glad to see there’s a push for eco-tourism in surfing!', '2024-09-30'),

-- -- Replies for message_id = 3
-- (21, 3, 21, 'Year-round surfing spots are the best! I hope this helps protect them.', '2024-06-02'),
-- (22, 3, 19, 'This is a great cause. Surfing and conservation should go hand-in-hand.', '2024-06-03'),
-- (23, 3, 1, 'Glad this is happening. Surf spots need more love and protection.', '2024-06-04'),
-- (24, 3, 28, 'Year-round surfing means year-round responsibility to protect the environment.', '2024-06-05'),
-- (25, 3, 16, 'This competition will bring attention to the right places.', '2024-06-06'),
-- (26, 3, 24, 'Vote casted! Hope this leads to more protection for surfing spots.', '2024-06-07'),
-- (27, 3, 6, 'Excited to see the results and learn more about these year-round spots.', '2024-06-08'),
-- (28, 3, 23, 'Great competition! Surfing fans need to step up to protect these places.', '2024-06-09'),
-- (29, 3, 27, 'I appreciate the environmental aspect of this competition.', '2024-06-10'),
-- (30, 3, 26, 'Year-round surfing spots are priceless, let’s make sure they stay that way.', '2024-06-11'),

-- -- Replies for message_id = 4
-- (31, 4, 5, 'Beginner surf spots are perfect for families. Protecting them is a must.', '2022-09-02'),
-- (32, 4, 3, 'Happy to see this competition bringing awareness to beginner spots!', '2022-09-03'),
-- (33, 4, 12, 'New surfers need to appreciate and protect the ocean too!', '2022-09-04'),
-- (34, 4, 25, 'This is a great initiative to combine surfing and conservation.', '2022-09-05'),
-- (35, 4, 8, 'Beginners should be taught to respect and protect the surf environment.', '2022-09-06'),
-- (36, 4, 14, 'Looking forward to voting. The ocean deserves more attention.', '2022-09-07'),
-- (37, 4, 17, 'The best way to give back to the ocean is to protect it.', '2022-09-08'),
-- (38, 4, 2, 'Amazing initiative! I will definitely vote.', '2022-09-09'),
-- (39, 4, 10, 'Surfing is about respecting the ocean, whether you’re a beginner or expert.', '2022-09-10'),
-- (40, 4, 16, 'Great cause! More awareness for beginner spots and their importance.', '2022-09-11'),

-- -- Replies for message_id = 5
-- (41, 5, 9, 'Challenging surf spots need protection too. These places are fragile.', '2022-08-16'),
-- (42, 5, 22, 'I hope people understand how vital these ecosystems are.', '2022-08-17'),
-- (43, 5, 1, 'Surfing these wild spots is a privilege, and we must protect them.', '2022-08-18'),
-- (44, 5, 30, 'Happy to vote and support protecting these natural wonders.', '2022-08-19'),
-- (45, 5, 19, 'Surf spots like these make our world unique, we must keep them safe.', '2022-08-20'),
-- (46, 5, 15, 'Love these competitions! Voting now to help protect our oceans.', '2022-08-21'),
-- (47, 5, 13, 'We need to do all we can to preserve the ocean and its ecosystems.', '2022-08-22'),
-- (48, 5, 28, 'Surfing challenging spots is amazing, but we must think about their future.', '2022-08-23'),
-- (49, 5, 16, 'I hope this brings attention to how fragile these spots are.', '2022-08-24'),
-- (50, 5, 21, 'These spots should be preserved for future generations of surfers.', '2022-08-25'),

-- -- Replies for message_id = 6
-- (51, 6, 11, 'Popular surf spots are often overused. We need to protect them.', '2023-11-02'),
-- (52, 6, 4, 'Glad to see competitions that focus on surf spot conservation.', '2023-11-03'),
-- (53, 6, 17, 'Voted! We need to spread awareness about protecting our oceans.', '2023-11-04'),
-- (54, 6, 26, 'This competition is a great way to focus attention on surf spots.', '2023-11-05'),
-- (55, 6, 8, 'Popular spots get a lot of visitors, but we must protect them.', '2023-11-06'),
-- (56, 6, 24, 'These spots are natural treasures. Let’s ensure they remain pristine.', '2023-11-07'),
-- (57, 6, 10, 'Voting for my favorite spot! We need to protect these places.', '2023-11-08'),
-- (58, 6, 2, 'Amazing initiative. Voting now to help raise awareness.', '2023-11-09'),
-- (59, 6, 18, 'Let’s make sure future generations can enjoy these surf spots.', '2023-11-10'),
-- (60, 6, 20, 'We must balance popularity with conservation. Vote to protect!', '2023-11-11'),

-- -- Replies for message_id = 7
-- (61, 7, 5, 'Hidden gems are often overlooked, but they need protection too.', '2023-09-02'),
-- (62, 7, 9, 'These hidden spots are beautiful and need to be preserved.', '2023-09-03'),
-- (63, 7, 22, 'Glad to see focus on hidden gems. They are just as important as popular spots.', '2023-09-04'),
-- (64, 7, 14, 'Voting for my favorite hidden gem! Let’s keep it protected.', '2023-09-05'),
-- (65, 7, 7, 'Hidden surf spots are often the most fragile. Let’s protect them.', '2023-09-06'),
-- (66, 7, 6, 'I hope this brings attention to these secluded but beautiful locations.', '2023-09-07'),
-- (67, 7, 28, 'This competition is great for raising awareness about lesser-known spots.', '2023-09-08'),
-- (68, 7, 3, 'It’s easy to forget about hidden gems. This competition is a reminder to protect them.', '2023-09-09'),
-- (69, 7, 25, 'Preserving hidden gems should be a priority. Let’s not lose them to overdevelopment.', '2023-09-10'),
-- (70, 7, 30, 'Some of the best surf spots are hidden gems. We need to ensure they stay that way.', '2023-09-11'),

-- -- Replies for message_id = 8
-- (71, 8, 12, 'Birds are so important for our ecosystems. Vote to protect them!', '2024-09-16'),
-- (72, 8, 18, 'The beauty of birds should remind us to protect nature.', '2024-09-17'),
-- (73, 8, 20, 'Voting to make sure the most scenic birds get the attention they deserve.', '2024-09-18'),
-- (74, 8, 8, 'We must take action now to protect birds from environmental threats.', '2024-09-19'),
-- (75, 8, 17, 'Birds bring life to our ecosystems. Voting to ensure their protection.', '2024-09-20'),
-- (76, 8, 2, 'This competition is a great way to raise awareness about bird conservation.', '2024-09-21'),
-- (77, 8, 5, 'I love seeing birds in their natural habitat. We must protect them.', '2024-09-22'),
-- (78, 8, 9, 'Let’s protect these scenic birds before it’s too late.', '2024-09-23'),
-- (79, 8, 15, 'Birds are often overlooked. Glad this competition highlights their importance.', '2024-09-24'),
-- (80, 8, 25, 'Voting now to help protect the most scenic birds for future generations.', '2024-09-25'),

-- -- Replies for message_id = 9
-- (81, 9, 21, 'Endangered birds need our help. Voting now to raise awareness.', '2024-09-21'),
-- (82, 9, 7, 'It’s heartbreaking to see how many bird species are endangered.', '2024-09-22'),
-- (83, 9, 30, 'We must protect endangered birds before it’s too late.', '2024-09-23'),
-- (84, 9, 4, 'I’m voting to help spread awareness about endangered birds.', '2024-09-24'),
-- (85, 9, 19, 'Bird conservation is so important. Let’s protect these endangered species.', '2024-09-25'),
-- (86, 9, 16, 'Voting now! Every vote helps protect endangered bird species.', '2024-09-26'),
-- (87, 9, 1, 'Endangered birds are a sign of how much we need to change our ways.', '2024-09-27'),
-- (88, 9, 6, 'Raising awareness about endangered birds is critical to their survival.', '2024-09-28'),
-- (89, 9, 3, 'I hope this competition brings attention to the plight of endangered birds.', '2024-09-29'),
-- (90, 9, 14, 'We need to protect endangered birds before it’s too late. Every vote counts.', '2024-09-30'),

-- -- Replies for message_id = 10
-- (91, 10, 11, 'Migratory birds face so many dangers. Voting now to help protect them.', '2024-06-02'),
-- (92, 10, 3, 'These birds are amazing travelers. Let’s ensure their habitats are protected.', '2024-06-03'),
-- (93, 10, 29, 'Every vote brings attention to the protection of migratory birds.', '2024-06-04'),
-- (94, 10, 18, 'Migratory birds need safe passage. Let’s do our part to protect them.', '2024-06-05'),
-- (95, 10, 12, 'We must protect the migration routes of these incredible birds.', '2024-06-06'),
-- (96, 10, 7, 'Voting for the best migratory bird to help raise awareness for conservation.', '2024-06-07'),
-- (97, 10, 20, 'I hope this competition helps people realize the importance of these birds.', '2024-06-08'),
-- (98, 10, 30, 'Migratory birds are essential to the health of our ecosystems. Voting now!', '2024-06-09'),
-- (99, 10, 5, 'We need to ensure migratory birds have a safe journey every year.', '2024-06-10'),
-- (100, 10, 9, 'Voting for these amazing travelers! Let’s protect their habitats.', '2024-06-11'),

-- -- Replies for message_id = 11
-- (101, 11, 14, 'Birds bring so much beauty to the world. Voting to protect them.', '2022-09-02'),
-- (102, 11, 26, 'So glad this competition is raising awareness about bird conservation.', '2022-09-03'),
-- (103, 11, 1, 'Let’s protect bird species and the ecosystems they depend on.', '2022-09-04'),
-- (104, 11, 27, 'Birds are essential to biodiversity. Voting to ensure their protection.', '2022-09-05'),
-- (105, 11, 6, 'Every vote helps. Let’s protect birds and their habitats.', '2022-09-06'),
-- (106, 11, 8, 'Bird species are disappearing fast. Voting to raise awareness.', '2022-09-07'),
-- (107, 11, 17, 'Voting for the most popular bird species to help spread awareness.', '2022-09-08'),
-- (108, 11, 21, 'Birds need our help now more than ever. Voting to protect them.', '2022-09-09'),
-- (109, 11, 12, 'It’s great to see a competition that focuses on bird conservation.', '2022-09-10'),
-- (110, 11, 19, 'Birds make our world beautiful. Let’s ensure they’re protected.', '2022-09-11'),

-- -- Replies for message_id = 12
-- (111, 12, 22, 'Songbirds bring such joy to the world. We must protect their habitats.', '2022-08-16'),
-- (112, 12, 5, 'Voting for the best songbird and supporting efforts to preserve nature.', '2022-08-17'),
-- (113, 12, 30, 'Let’s protect songbirds so they can continue to serenade future generations.', '2022-08-18'),
-- (114, 12, 13, 'Songbirds are a beautiful part of nature. We must ensure their survival.', '2022-08-19'),
-- (115, 12, 15, 'It’s sad to think of songbirds disappearing. Voting to raise awareness.', '2022-08-20'),
-- (116, 12, 9, 'We need to protect songbirds and the ecosystems they rely on.', '2022-08-21'),
-- (117, 12, 20, 'Songbirds are under threat. Let’s protect them by raising awareness.', '2022-08-22'),
-- (118, 12, 2, 'I’m voting to protect these sweet singers. Their future depends on it.', '2022-08-23'),
-- (119, 12, 7, 'It’s vital that we protect the environments where songbirds thrive.', '2022-08-24'),
-- (120, 12, 25, 'Songbirds deserve our protection. Voting now to support their survival.', '2022-08-25'),

-- -- Replies for message_id = 13
-- (121, 13, 16, 'Photogenic birds are nature’s artwork. Let’s keep them protected.', '2023-11-02'),
-- (122, 13, 3, 'Voting for the most photogenic bird to help raise awareness for conservation.', '2023-11-03'),
-- (123, 13, 19, 'We must protect the habitats that allow these birds to thrive.', '2023-11-04'),
-- (124, 13, 26, 'Every bird is a masterpiece of nature. Let’s ensure their habitats are preserved.', '2023-11-05'),
-- (125, 13, 8, 'Voting to support efforts to preserve these stunning birds.', '2023-11-06'),
-- (126, 13, 27, 'Photogenic birds remind us how important nature is to our well-being.', '2023-11-07'),
-- (127, 13, 1, 'Glad to see a focus on bird conservation through this competition.', '2023-11-08'),
-- (128, 13, 14, 'These beautiful birds deserve to be protected. Voting now!', '2023-11-09'),
-- (129, 13, 11, 'We need to protect birds and their habitats from destruction.', '2023-11-10'),
-- (130, 13, 6, 'Voting to protect the birds that make our world more beautiful.', '2023-11-11'),

-- -- Replies for message_id = 14
-- (131, 14, 17, 'Rare birds are on the edge of extinction. Voting to help protect them.', '2023-09-02'),
-- (132, 14, 29, 'Glad this competition is raising awareness about the importance of rare species.', '2023-09-03'),
-- (133, 14, 2, 'Every vote helps to protect endangered species. Voting now!', '2023-09-04'),
-- (134, 14, 7, 'These rare birds need our help. Let’s make sure their habitats are preserved.', '2023-09-05'),
-- (135, 14, 13, 'Rare birds are a reminder of how delicate our ecosystems are.', '2023-09-06'),
-- (136, 14, 25, 'We must do everything we can to protect rare bird species.', '2023-09-07'),
-- (137, 14, 30, 'Rare birds bring balance to ecosystems. Voting now to protect them.', '2023-09-08'),
-- (138, 14, 18, 'Voting to raise awareness about the importance of rare species conservation.', '2023-09-09'),
-- (139, 14, 28, 'It’s critical we act now to protect rare bird species from extinction.', '2023-09-10'),
-- (140, 14, 9, 'Rare birds are at risk. Let’s ensure their future through conservation.', '2023-09-11'),

-- -- Replies for message_id = 15
-- (141, 15, 4, 'The scenic beauty of forests needs to be protected. Voting to help raise awareness.', '2024-09-16'),
-- (142, 15, 14, 'Forests are vital to our planet. Voting now to protect them.', '2024-09-17'),
-- (143, 15, 19, 'Scenic forests deserve to be preserved for future generations. Voting now.', '2024-09-18'),
-- (144, 15, 27, 'Forests are more than just beautiful. They are essential for life on Earth.', '2024-09-19'),
-- (145, 15, 8, 'Voting to protect our world’s most scenic forests. Every vote helps.', '2024-09-20'),
-- (146, 15, 11, 'We need to protect forests to preserve the beauty and biodiversity they offer.', '2024-09-21'),
-- (147, 15, 25, 'Scenic forests provide so much to the world. Let’s ensure they are preserved.', '2024-09-22'),
-- (148, 15, 6, 'Forests are vital to the health of our planet. Voting to protect them.', '2024-09-23'),
-- (149, 15, 17, 'Forests are the lungs of the Earth. We must protect them now.', '2024-09-24'),
-- (150, 15, 23, 'Voting for scenic forests to help raise awareness about deforestation.', '2024-09-25'),

-- -- Replies for message_id = 16
-- (151, 16, 7, 'Ecologically significant forests need protection now more than ever.', '2024-09-21'),
-- (152, 16, 13, 'These forests are vital to preserving biodiversity. Voting to help protect them.', '2024-09-22'),
-- (153, 16, 12, 'We must protect ecologically important forests to preserve wildlife habitats.', '2024-09-23'),
-- (154, 16, 26, 'These forests play a crucial role in fighting climate change. Voting now.', '2024-09-24'),
-- (155, 16, 9, 'Forests are essential to the balance of our planet’s ecosystems.', '2024-09-25'),
-- (156, 16, 3, 'Voting to protect ecologically significant forests from deforestation.', '2024-09-26'),
-- (157, 16, 29, 'These forests are critical to our planet’s health. Let’s protect them.', '2024-09-27'),
-- (158, 16, 10, 'Voting for forests that provide vital ecosystems for countless species.', '2024-09-28'),
-- (159, 16, 20, 'We must protect these ecologically important forests before it’s too late.', '2024-09-29'),
-- (160, 16, 1, 'Voting to protect forests that are essential to the health of our environment.', '2024-09-30'),

-- -- Replies for message_id = 17
-- (161, 17, 30, 'Wildlife depends on healthy forests. Voting to protect them now.', '2024-06-02'),
-- (162, 17, 18, 'Forests provide crucial habitats for countless species. Let’s protect them.', '2024-06-03'),
-- (163, 17, 5, 'We need to preserve forests so wildlife can continue to thrive.', '2024-06-04'),
-- (164, 17, 28, 'Voting for the best forest for wildlife to raise awareness about conservation.', '2024-06-05'),
-- (165, 17, 21, 'Forests are homes to many endangered species. Voting to protect them.', '2024-06-06'),
-- (166, 17, 6, 'Wildlife cannot survive without forests. Let’s protect these ecosystems.', '2024-06-07'),
-- (167, 17, 2, 'Forests provide a home for so much life. Voting to ensure their protection.', '2024-06-08'),
-- (168, 17, 8, 'We must do everything we can to protect forests and the wildlife that live in them.', '2024-06-09'),
-- (169, 17, 13, 'Healthy forests are critical for the survival of wildlife. Voting now.', '2024-06-10'),
-- (170, 17, 19, 'The health of forests determines the health of the species that live in them.', '2024-06-11'),

-- -- Replies for message_id = 18
-- (171, 18, 7, 'Forests are essential to our survival. Voting to raise awareness for their protection.', '2022-09-02'),
-- (172, 18, 16, 'Popular forests deserve to be protected from deforestation.', '2022-09-03'),
-- (173, 18, 24, 'Forests are vital for biodiversity. Voting now to protect them.', '2022-09-04'),
-- (174, 18, 5, 'Forests are so important for the planet. Let’s protect them.', '2022-09-05'),
-- (175, 18, 11, 'Voting to protect popular forests and keep them safe for future generations.', '2022-09-06'),
-- (176, 18, 3, 'The most popular forests are at risk of being overused. Let’s protect them.', '2022-09-07'),
-- (177, 18, 8, 'We need to make sure forests are protected from human impact.', '2022-09-08'),
-- (178, 18, 2, 'Forests are disappearing fast. Voting to help preserve them.', '2022-09-09'),
-- (179, 18, 10, 'Our planet depends on the health of forests. Let’s protect them.', '2022-09-10'),
-- (180, 18, 20, 'Forests are beautiful and vital. Voting to ensure they are preserved.', '2022-09-11'),

-- -- Replies for message_id = 19
-- (181, 19, 18, 'Hidden gem forests deserve to be protected from development. Voting now.', '2022-08-16'),
-- (182, 19, 22, 'Forests are such a precious resource. We must protect them.', '2022-08-17'),
-- (183, 19, 27, 'Hidden forests are fragile ecosystems. Voting to help preserve them.', '2022-08-18'),
-- (184, 19, 11, 'Forests are essential for biodiversity. Voting now to raise awareness.', '2022-08-19'),
-- (185, 19, 17, 'We must ensure hidden gem forests remain untouched by human activity.', '2022-08-20'),
-- (186, 19, 26, 'Forests need our help to remain natural and healthy. Voting now.', '2022-08-21'),
-- (187, 19, 7, 'These hidden forests are a treasure. Let’s protect them before it’s too late.', '2022-08-22'),
-- (188, 19, 5, 'Hidden forests need our protection. Voting to raise awareness.', '2022-08-23'),
-- (189, 19, 10, 'Voting for hidden gem forests to keep them safe from harm.', '2022-08-24'),
-- (190, 19, 13, 'Forests are a valuable resource. Let’s ensure they are preserved.', '2022-08-25'),

-- -- Replies for message_id = 20
-- (191, 20, 3, 'Family-friendly forests are important for connecting people with nature. Voting now.', '2023-11-02'),
-- (192, 20, 17, 'Forests offer a peaceful retreat for families. Voting to protect them.', '2023-11-03'),
-- (193, 20, 19, 'Forests are a gift to future generations. Voting to protect them.', '2023-11-04'),
-- (194, 20, 8, 'We need to make sure family-friendly forests are protected for everyone.', '2023-11-05'),
-- (195, 20, 30, 'Family-friendly forests are perfect for teaching kids about nature. Let’s protect them.', '2023-11-06'),
-- (196, 20, 1, 'Voting to protect forests so families can enjoy them for years to come.', '2023-11-07'),
-- (197, 20, 26, 'Forests bring people together. Let’s make sure they are protected.', '2023-11-08'),
-- (198, 20, 11, 'Family-friendly forests deserve to be preserved. Voting now to raise awareness.', '2023-11-09'),
-- (199, 20, 5, 'We must protect forests so families can continue to explore them.', '2023-11-10'),
-- (200, 20, 21, 'Forests offer a place to escape. Let’s make sure they remain that way.', '2023-11-11'),

-- -- Replies for message_id = 21
-- (201, 21, 29, 'Forests are vital for adventure and exploration. Voting to protect them.', '2023-09-02'),
-- (202, 21, 20, 'Adventure forests offer so much to explore. Voting to help preserve them.', '2023-09-03'),
-- (203, 21, 14, 'We need to ensure adventure forests remain protected for explorers.', '2023-09-04'),
-- (204, 21, 16, 'Voting for adventure forests to help raise awareness about conservation.', '2023-09-05'),
-- (205, 21, 7, 'Forests are full of adventure. Let’s protect them for future explorers.', '2023-09-06'),
-- (206, 21, 5, 'Voting to protect adventure forests so people can continue to explore them.', '2023-09-07'),
-- (207, 21, 9, 'Forests provide endless opportunities for adventure. Voting to protect them.', '2023-09-08'),
-- (208, 21, 1, 'Let’s ensure adventure forests remain protected from deforestation.', '2023-09-09'),
-- (209, 21, 12, 'Adventure forests are critical to conservation. Voting to raise awareness.', '2023-09-10'),
-- (210, 21, 18, 'Protecting forests ensures we can continue exploring the wonders of nature.', '2023-09-11');

-- conversation
INSERT INTO `conversations` (id, user_id_1, user_id_2, created_at, latest_message_time) 
VALUES (1, 100, 11, '2024-10-14 10:47:10.074021', '2024-10-14 10:47:10.074021'),
       (2, 100, 12, '2024-10-14 10:57:10.074021', '2024-10-14 10:57:10.074021'),
       (3, 100, 13, '2024-10-14 11:07:10.074021', '2024-10-14 11:07:10.074021'),
       (4, 100, 14, '2024-10-14 11:17:10.074021', '2024-10-14 11:17:10.074021'),
       (5, 100, 15, '2024-10-14 11:27:10.074021', '2024-10-14 11:27:10.074021');


-- conversation_id = 1, chat records between user 10 and user 11, 20 messages each, is_read = 1
INSERT INTO conversation_messages (conversation_id, sender_id, content, created_at, is_read) VALUES
(1, 100, 'Have you gone birdwatching recently?', '2024-10-14 10:50:10', 1),
(1, 11, 'Yes, I went to the nearby nature reserve. There are many rare birds there.', '2024-10-14 10:51:10', 1),
(1, 100, 'Sounds amazing! What kind of birds did you see?', '2024-10-14 10:52:30', 1),
(1, 11, 'I saw hawks, eagles, and some colorful parrots.', '2024-10-14 10:53:45', 1),
(1, 100, 'I love parrots! Were they flying around?', '2024-10-14 10:55:00', 1),
(1, 11, 'Yes, they were very active. I also got to see them feeding.', '2024-10-14 10:56:20', 1),
(1, 100, 'That must have been a great experience.', '2024-10-14 10:57:40', 1),
(1, 11, 'It really was. Are you planning any birdwatching trips?', '2024-10-14 10:58:50', 1),
(1, 100, 'Yes, I’m thinking of visiting a beach next weekend to see seabirds.', '2024-10-14 11:00:00', 1),
(1, 11, 'That’s a good idea! I’ve heard seabird watching can be very exciting.', '2024-10-14 11:01:00', 1),
(1, 100, 'Especially with all the variety you can find along the coast.', '2024-10-14 11:01:59', 1),
(1, 11, 'Exactly! Maybe I’ll join you if I’m free.', '2024-10-14 11:03:10', 1),
(1, 100, 'That would be great! Let me know if you can make it.', '2024-10-14 11:04:15', 1),
(1, 11, 'Will do! Have you been to any forests recently?', '2024-10-14 11:05:25', 1),
(1, 100, 'Not yet, but I want to. Forests are great for birdwatching too.', '2024-10-14 11:06:45', 1),
(1, 11, 'True, forests are peaceful and full of interesting species.', '2024-10-14 11:07:55', 1),
(1, 100, 'Exactly. Plus, I enjoy the fresh air and sounds of nature.', '2024-10-14 11:09:10', 1),
(1, 11, 'It’s the perfect escape from the city.', '2024-10-14 11:10:20', 1),
(1, 100, 'Agreed! Let’s plan a forest trip soon.', '2024-10-14 11:11:30', 1),
(1, 11, 'Absolutely! I’ll check my schedule.', '2024-10-14 11:12:40', 1);

-- conversation_id = 2, chat records between user 10 and user 12, 10 messages each, is_read = 1
INSERT INTO conversation_messages (conversation_id, sender_id, content, created_at, is_read) VALUES
(2, 100, 'Do you enjoy going to the beach?', '2024-10-14 11:02:50', 1),
(2, 12, 'Yes, I love spending time near the ocean. What about you?', '2024-10-14 11:04:10', 1),
(2, 100, 'I do! The sound of the waves is so relaxing.', '2024-10-14 11:05:20', 1),
(2, 12, 'Agreed! Have you ever gone surfing?', '2024-10-14 11:06:30', 1),
(2, 100, 'I’ve tried a few times, but I’m not very good at it.', '2024-10-14 11:07:45', 1),
(2, 12, 'It takes practice, but once you get the hang of it, it’s so much fun.', '2024-10-14 11:09:00', 1),
(2, 100, 'I believe it! I might try again next time I go to the beach.', '2024-10-14 11:10:10', 1),
(2, 12, 'You definitely should! Let me know how it goes.', '2024-10-14 11:11:50', 1),
(2, 100, 'Will do! Maybe I’ll take a lesson this time.', '2024-10-14 11:12:50', 1),
(2, 12, 'That’s a great idea. It’ll help you learn faster.', '2024-10-14 11:14:00', 1);

-- conversation_id = 3, chat records between user 10 and user 13, 3 messages each, is_read = 0
INSERT INTO conversation_messages (conversation_id, sender_id, content, created_at, is_read) VALUES
(3, 100, 'Have you been to any good surf spots lately?', '2024-10-14 11:16:00', 0),
(3, 13, 'Yeah, I went to a great spot last week. The waves were perfect.', '2024-10-14 11:17:30', 0),
(3, 100, 'Sounds awesome! Where was it?', '2024-10-14 11:18:45', 0),
(3, 13, 'It’s a beach a bit further out, not too crowded.', '2024-10-14 11:19:50', 0),
(3, 100, 'I might have to check it out next time I go surfing.', '2024-10-14 11:20:55', 0),
(3, 13, 'You should! It’s one of the best I’ve found.', '2024-10-14 11:22:00', 0);

-- conversation_id = 4, chat records between user 10 and user 14, 3 messages each, is_read = 0
INSERT INTO conversation_messages (conversation_id, sender_id, content, created_at, is_read) VALUES
(4, 100, 'What’s your favorite thing about the forest?', '2024-10-14 11:23:00', 0),
(4, 14, 'I love the calm atmosphere and the fresh air.', '2024-10-14 11:24:10', 0),
(4, 100, 'Same here! The forest is such a peaceful place.', '2024-10-14 11:25:30', 0),
(4, 14, 'It’s the perfect place to unwind and connect with nature.', '2024-10-14 11:26:40', 0),
(4, 100, 'Exactly! Have you gone hiking recently?', '2024-10-14 11:27:50', 0),
(4, 14, 'Yes, last weekend. It was a great trip.', '2024-10-14 11:28:55', 0);

-- conversation_id = 5, chat records between user 10 and user 15, 3 messages each, is_read = 0
INSERT INTO conversation_messages (conversation_id, sender_id, content, created_at, is_read) VALUES
(5, 100, 'Do you have any favorite birds?', '2024-10-14 11:30:00', 0),
(5, 15, 'I really like eagles. They’re so majestic.', '2024-10-14 11:31:10', 0),
(5, 100, 'Eagles are incredible! Have you seen one in the wild?', '2024-10-14 11:32:20', 0),
(5, 15, 'Yes, a couple of times. It’s always an amazing sight.', '2024-10-14 11:33:30', 0),
(5, 100, 'I’ve only seen them from afar, but it’s still impressive.', '2024-10-14 11:34:40', 0),
(5, 15, 'You should try to see one up close. It’s unforgettable.', '2024-10-14 11:35:45', 0);

INSERT INTO `donation_applications` (theme_id, theme_name, charity_name, registration_number, bank_account, nz_ird_number, stamp_file_path, rep_first_name, rep_last_name, rep_designation, rep_signature_file_path, applicant_id, applicant, applying_time, status, rejection_reason, operator_id, operator, operation_time) VALUES
(1, 'Surfing Spot', 'Save Our Seas Foundation', 'REG-67890', 'NZ-00987654321', 'IRD-123456789', 'SOSF.png', 'Jane', 'Smith', 'Director', 'Jane_smith.jpg', 1, 'voter1', '2024-10-02 09:10:45', 'approved', NULL, 31, 'siteadmin1', '2024-10-03 12:30:00'),
(2, 'Bird', 'New Zealand Bird Rescue', 'REG-33445', 'NZ-00553322119', 'IRD-665544332', '/bird.jpeg', 'Bob', 'Williams', 'Manager', 'bobwillian.jpg', 2, 'voter2', '2024-10-05 15:40:30', 'rejected', 'Missing documents', 31, 'siteadmin1', '2024-10-06 10:00:00'),
(3, 'Beach', 'Coastal Preservation Society', 'REG-55443', 'NZ-00123344567', 'IRD-112233445', 'Logo-sand-water.webp', 'Diana', 'King', 'Director', 'dianna.png', 3, 'voter3', '2024-10-07 10:05:30', 'pending', NULL, NULL, NULL, NULL),
(4, 'Forest', 'Rainforest Trust', 'REG-22119', 'NZ-00221199887', 'IRD-445566778', 'Rainforest_Trust_logo.png', 'Frank', 'Miller', 'Treasurer', 'frankmiller.jpg', 4, 'voter4', '2024-10-08 14:10:40', 'rejected', 'Invalid registration number', 31, 'siteadmin1', '2024-10-10 08:30:00'),
(4, 'Forest', 'Rainforest Trust', 'REG-22119', 'NZ-00221199887', 'IRD-445566778', 'Rainforest_Trust_logo.png', 'Frank', 'Miller', 'Treasurer', 'frankmiller.jpg', 4, 'voter4', '2024-10-12 09:45:30', 'pending', NULL, NULL, NULL, NULL);

INSERT INTO donation_record (theme_id, donation_app_id, donor_user_id, donation_amount, donation_date, credit_card, expiry_date, cvv, receipt_number, receipt_file_path, receipt_generation_status) VALUES
(1, 1, 1, 100, '2024-10-01', '4111111111111111', '12/25', '123', 'REC1001', 'None', 'pending'),
(1, 1, 2, 150, '2024-10-02', '4111111111111112', '11/24', '456', 'REC1002', 'None', 'pending'),
(1, 1, 3, 200, '2024-10-03', '4111111111111113', '10/26', '789', 'REC1003', 'None', 'pending'),
(1, 1, 4, 250, '2024-10-04', '4111111111111114', '09/25', '321', 'REC1004', 'None', 'pending'),
(1, 1, 5, 300, '2024-10-05', '4111111111111115', '08/27', '654', 'REC1005', 'None', 'pending'),
(1, 1, 6, 350, '2024-10-06', '4111111111111116', '07/24', '987', 'REC1006', 'None', 'pending'),
(1, 1, 7, 400, '2024-10-07', '4111111111111117', '06/25', '258', 'REC1007', 'None', 'pending'),
(1, 1, 8, 450, '2024-10-08', '4111111111111118', '05/26', '369', 'REC1008', 'None', 'pending'),
(1, 1, 9, 500, '2024-10-09', '4111111111111119', '04/25', '147', 'REC1009', 'None', 'pending'),
(1, 1, 10, 550, '2024-10-10', '4111111111111120', '03/26', '258', 'REC1010', 'None', 'pending'),
(1, 1, 1, 100, '2023-10-01', '4111111111111121', '12/25', '123', 'REC001', 'None', 'pending'),
(1, 1, 2, 150, '2023-10-02', '4111111111111122', '11/24', '456', 'REC002', 'None', 'pending'),
(1, 1, 3, 200, '2023-10-03', '4111111111111123', '10/26', '789', 'REC003', 'None', 'pending'),
(1, 1, 4, 250, '2023-10-04', '4111111111111124', '09/25', '321', 'REC004', 'None', 'pending'),
(1, 1, 5, 300, '2023-10-05', '4111111111111125', '08/27', '654', 'REC005', 'None', 'pending'),
(1, 1, 6, 350, '2023-10-06', '4111111111111126', '07/24', '987', 'REC006', 'None', 'pending'),
(1, 1, 7, 400, '2023-10-07', '4111111111111127', '06/25', '258', 'REC007', 'None', 'pending'),
(1, 1, 8, 450, '2023-10-08', '4111111111111128', '05/26', '369', 'REC008', 'None', 'pending'),
(1, 1, 9, 500, '2023-10-09', '4111111111111129', '04/25', '147', 'REC009', 'None', 'pending'),
(1, 1, 10, 550, '2023-10-10', '4111111111111130', '03/26', '258', 'REC010', 'None', 'pending'),
(1, 1, 11, 600, '2023-10-11', '4111111111111131', '02/24', '369', 'REC011', 'None', 'pending'),
(1, 1, 12, 650, '2023-10-12', '4111111111111132', '01/25', '147', 'REC012', 'None', 'pending'),
(1, 1, 13, 700, '2023-10-13', '4111111111111133', '12/24', '258', 'REC013', 'None', 'pending'),
(1, 1, 14, 750, '2023-10-14', '4111111111111134', '11/23', '369', 'REC014', 'None', 'pending'),
(1, 1, 15, 800, '2023-10-15', '4111111111111135', '10/24', '147', 'REC015', 'None', 'pending'),
(1, 1, 16, 850, '2023-10-16', '4111111111111136', '09/25', '258', 'REC016', 'None', 'pending'),
(1, 1, 17, 900, '2023-10-17', '4111111111111137', '08/26', '369', 'REC017', 'None', 'pending'),
(1, 1, 18, 950, '2023-10-18', '4111111111111138', '07/24', '147', 'REC018', 'None', 'pending'),
(1, 1, 19, 1000, '2023-10-19', '4111111111111139', '06/25', '258', 'REC019', 'None', 'pending'),
(1, 1, 20, 1050, '2023-10-20', '4111111111111140', '05/26', '369', 'REC020', 'None', 'pending'),
(1, 1, 21, 100, '2023-10-21', '4532756230123456', '01/26', '123', 'REC021', 'None', 'pending'),
(1, 1, 22, 115, '2023-10-22', '6011512111111234', '02/25', '456', 'REC022', 'None', 'pending'),
(1, 1, 23, 12, '2023-10-23', '370123456789012', '03/24', '789', 'REC023', 'None', 'pending'),
(1, 1, 24, 12, '2023-10-24', '4916123456789012', '04/27', '321', 'REC024', 'None', 'pending'),
(1, 1, 25, 300, '2023-10-25', '4539876543215678', '05/25', '654', 'REC025', 'None', 'pending'),
(1, 1, 26, 350, '2023-10-26', '5019712345678900', '06/24', '987', 'REC026', 'None', 'pending'),
(1, 1, 27, 40, '2023-07-25','4012888888881881', '07/25',  '258', 'REC027', 'None', 'pending'),
(1, 1, 28, 45, '2023-08-26','6011555599999999', '08/26', '369', 'REC028', 'None', 'pending'),
(1, 1, 29, 15, '2023-09-25','6011555598888888', '09/25', '147', 'REC029', 'None', 'pending'),
(1, 1, 30, 15, '2023-10-23','376161616161616', '10/23', '258', 'REC030', 'None', 'pending'),
(1, 1, 31, 100, '2023-11-25','5523000000000000', '11/25', '369', 'REC031', 'None', 'pending'),
(1, 1, 32, 150, '2023-12-24','4024007182021000', '12/24', '147', 'REC032', 'None', 'pending'),
(1, 1, 12, 170, '2023-01-26','5555555555554444', '01/26', '258', 'REC033', 'None', 'pending'),
(1, 1, 14, 10, '2023-02-25','4424424424442444', '02/25', '369', 'REC034', 'None', 'pending'),
(1, 1, 15, 180, '2023-03-24','378282246310005', '03/24', '147', 'REC035', 'None', 'pending'),
(1, 1, 16, 180, '2023-04-27','6011558888888888', '04/27', '258', 'REC036', 'None', 'pending'),
(1, 1, 17, 190, '2022-05-25','4556361888881580', '05/25', '369', 'REC037', 'None', 'pending'),
(1, 1, 18, 150, '2022-06-24','4532017111111111', '06/24', '147', 'REC038', 'None', 'pending'),
(1, 1, 19, 20, '2022-07-25','4895168466660242', '07/25', '258', 'REC039', 'None', 'pending'),
(1, 1, 20, 25, '2022-08-26','6011512626210012', '08/26', '369', 'REC040', 'None', 'pending'),
(1, 1, 31, 21, '2022-09-25','5105105105105100', '09/25', '147', 'REC041', 'None', 'pending'),
(1, 1, 12, 210, '2022-07-25','378734493671000', '10/23', '258', 'REC042', 'None', 'pending'),
(1, 1, 23, 200, '2022-11-25','4532756230123456', '11/25', '369', 'REC043', 'None', 'pending'),
(1, 1, 24, 250, '2022-12-24','6011512111111234', '12/24', '147', 'REC044', 'None', 'pending'),
(1, 1, 25, 300, '2022-01-26','370123456789012', '01/26', '258', 'REC045', 'None', 'pending'),
(1, 1, 26, 350, '2022-02-25','4916123456789012', '02/25', '369', 'REC046', 'None', 'pending'),
(1, 1, 17, 400, '2022-03-24','4539876543215678', '03/24', '147', 'REC047', 'None', 'pending'),
(1, 1, 18, 45, '2022-04-27','5019712345678900', '04/27', '258', 'REC048', 'None', 'pending'),
(1, 1, 19, 500, '2022-05-25','4012888888881881', '05/25', '369', 'REC049', 'None', 'pending'),
(1, 1, 30, 55, '2022-06-24','6011555599999999', '06/24', '147', 'REC050', 'None', 'pending');


INSERT INTO banned_voters (id, theme_id, user_id, appeal_id) VALUES 
(1, 4, 100, NULL),
(2, 1, 98, NULL),
(3, 2, 98, NULL),
(4, 3, 98, NULL),
(5, 1, 99, NULL),
(6, 2, 99, NULL);
SET FOREIGN_KEY_CHECKS = 1;
